index,class,dividend_signed,divisor_signed,dividend_hex,divisor_hex,expected_hex,divide_by_zero
0,retained_phase1b,1,3,0000000001,0000000003,000000000055555555,0
1,retained_phase1b,-1,3,ffffffffff,0000000003,ffffffffffaaaaaaab,0
2,retained_phase1b,1,-3,0000000001,fffffffffd,ffffffffffaaaaaaab,0
3,retained_phase1b,-1,-3,ffffffffff,fffffffffd,000000000055555555,0
4,retained_phase1b,2,3,0000000002,0000000003,0000000000aaaaaaab,0
5,retained_phase1b,-2,3,fffffffffe,0000000003,ffffffffff55555555,0
6,retained_phase1b,1,2,0000000001,0000000002,000000000080000000,0
7,retained_phase1b,5,2,0000000005,0000000002,000000000280000000,0
8,retained_phase1b,549755813887,1,7fffffffff,0000000001,7fffffffff00000000,0
9,retained_phase1b,-549755813888,1,8000000000,0000000001,800000000000000000,0
10,retained_phase1b,-549755813888,-1,8000000000,ffffffffff,800000000000000000,0
11,retained_phase1b,0,7,0000000000,0000000007,000000000000000000,0
12,retained_phase1b,1,8589934592,0000000001,0200000000,000000000000000000,0
13,retained_phase1b,-1,8589934592,ffffffffff,0200000000,ffffffffffffffffff,0
14,retained_phase1b,3,8589934592,0000000003,0200000000,000000000000000001,0
15,retained_phase1b,-3,8589934592,fffffffffd,0200000000,fffffffffffffffffe,0
16,retained_phase1b,7,0,0000000007,0000000000,000000000000000000,1
17,retained_phase2_32,1,3,0000000001,0000000003,000000000055555555,0
18,retained_phase2_32,-1,3,ffffffffff,0000000003,ffffffffffaaaaaaab,0
19,retained_phase2_32,1,-3,0000000001,fffffffffd,ffffffffffaaaaaaab,0
20,retained_phase2_32,-1,-3,ffffffffff,fffffffffd,000000000055555555,0
21,retained_phase2_32,2,3,0000000002,0000000003,0000000000aaaaaaab,0
22,retained_phase2_32,-2,3,fffffffffe,0000000003,ffffffffff55555555,0
23,retained_phase2_32,549755813887,1,7fffffffff,0000000001,7fffffffff00000000,0
24,retained_phase2_32,-549755813888,1,8000000000,0000000001,800000000000000000,0
25,retained_phase2_32,-549755813888,-1,8000000000,ffffffffff,800000000000000000,0
26,retained_phase2_32,1,8589934592,0000000001,0200000000,000000000000000000,0
27,retained_phase2_32,-1,8589934592,ffffffffff,0200000000,ffffffffffffffffff,0
28,retained_phase2_32,1,17179869184,0000000001,0400000000,000000000000000000,0
29,retained_phase2_32,-1,17179869184,ffffffffff,0400000000,000000000000000000,0
30,retained_phase2_32,3,17179869184,0000000003,0400000000,000000000000000001,0
31,retained_phase2_32,-3,17179869184,fffffffffd,0400000000,ffffffffffffffffff,0
32,retained_phase2_32,7,0,0000000007,0000000000,000000000000000000,1
33,retained_phase2_32,4886718208,257,0123456700,0000000101,0001222343bc43bc44,0
34,retained_phase2_32,4886718465,259,0123456801,0000000103,00011fe5b6dc6abfc1,0
35,retained_phase2_32,4886718722,261,0123456902,0000000105,00011db0f43ccff04e,0
36,retained_phase2_32,4886718979,263,0123456a03,0000000107,00011b84c8874ce5b8,0
37,retained_phase2_32,4886719236,265,0123456b04,0000000109,0001196101f279b883,0
38,retained_phase2_32,4886719493,267,0123456c05,000000010b,000117457032d104cb,0
39,retained_phase2_32,4886719750,269,0123456d06,000000010d,00011531e46c7d9eee,0
40,retained_phase2_32,4886720007,271,0123456e07,000000010f,000113263125c935d8,0
41,retained_phase2_32,4886720264,273,0123456f08,0000000111,000111222a3a23a23a,0
42,retained_phase2_32,4886720521,275,0123457009,0000000113,00010f25a4cdbb1cdc,0
43,retained_phase2_32,4886720778,277,012345710a,0000000115,00010d3077419e093e,0
44,retained_phase2_32,4886721035,279,012345720b,0000000117,00010b4279285f6d31,0
45,retained_phase2_32,4886721292,281,012345730c,0000000119,0001095b833b3792ad,0
46,retained_phase2_32,4886721549,283,012345740d,000000011b,0001077b6f4f9aaf7e,0
47,retained_phase2_32,4886721806,285,012345750e,000000011d,000105a2184d3fc683,0
48,retained_phase2_32,4886722063,287,012345760f,000000011f,000103cf5a24924925,0
49,directed_boundary,0,0,0000000000,0000000000,000000000000000000,1
50,directed_boundary,0,1,0000000000,0000000001,000000000000000000,0
51,directed_boundary,0,-1,0000000000,ffffffffff,000000000000000000,0
52,directed_boundary,0,2,0000000000,0000000002,000000000000000000,0
53,directed_boundary,0,-2,0000000000,fffffffffe,000000000000000000,0
54,directed_boundary,0,3,0000000000,0000000003,000000000000000000,0
55,directed_boundary,0,-3,0000000000,fffffffffd,000000000000000000,0
56,directed_boundary,0,4294967296,0000000000,0100000000,000000000000000000,0
57,directed_boundary,0,8589934592,0000000000,0200000000,000000000000000000,0
58,directed_boundary,0,549755813887,0000000000,7fffffffff,000000000000000000,0
59,directed_boundary,0,-549755813888,0000000000,8000000000,000000000000000000,0
60,directed_boundary,1,0,0000000001,0000000000,000000000000000000,1
61,directed_boundary,1,1,0000000001,0000000001,000000000100000000,0
62,directed_boundary,1,-1,0000000001,ffffffffff,ffffffffff00000000,0
63,directed_boundary,1,2,0000000001,0000000002,000000000080000000,0
64,directed_boundary,1,-2,0000000001,fffffffffe,ffffffffff80000000,0
65,directed_boundary,1,3,0000000001,0000000003,000000000055555555,0
66,directed_boundary,1,-3,0000000001,fffffffffd,ffffffffffaaaaaaab,0
67,directed_boundary,1,4294967296,0000000001,0100000000,000000000000000001,0
68,directed_boundary,1,8589934592,0000000001,0200000000,000000000000000000,0
69,directed_boundary,1,549755813887,0000000001,7fffffffff,000000000000000000,0
70,directed_boundary,1,-549755813888,0000000001,8000000000,000000000000000000,0
71,directed_boundary,-1,0,ffffffffff,0000000000,000000000000000000,1
72,directed_boundary,-1,1,ffffffffff,0000000001,ffffffffff00000000,0
73,directed_boundary,-1,-1,ffffffffff,ffffffffff,000000000100000000,0
74,directed_boundary,-1,2,ffffffffff,0000000002,ffffffffff80000000,0
75,directed_boundary,-1,-2,ffffffffff,fffffffffe,000000000080000000,0
76,directed_boundary,-1,3,ffffffffff,0000000003,ffffffffffaaaaaaab,0
77,directed_boundary,-1,-3,ffffffffff,fffffffffd,000000000055555555,0
78,directed_boundary,-1,4294967296,ffffffffff,0100000000,ffffffffffffffffff,0
79,directed_boundary,-1,8589934592,ffffffffff,0200000000,ffffffffffffffffff,0
80,directed_boundary,-1,549755813887,ffffffffff,7fffffffff,000000000000000000,0
81,directed_boundary,-1,-549755813888,ffffffffff,8000000000,000000000000000000,0
82,directed_boundary,2,0,0000000002,0000000000,000000000000000000,1
83,directed_boundary,2,1,0000000002,0000000001,000000000200000000,0
84,directed_boundary,2,-1,0000000002,ffffffffff,fffffffffe00000000,0
85,directed_boundary,2,2,0000000002,0000000002,000000000100000000,0
86,directed_boundary,2,-2,0000000002,fffffffffe,ffffffffff00000000,0
87,directed_boundary,2,3,0000000002,0000000003,0000000000aaaaaaab,0
88,directed_boundary,2,-3,0000000002,fffffffffd,ffffffffff55555555,0
89,directed_boundary,2,4294967296,0000000002,0100000000,000000000000000002,0
90,directed_boundary,2,8589934592,0000000002,0200000000,000000000000000001,0
91,directed_boundary,2,549755813887,0000000002,7fffffffff,000000000000000000,0
92,directed_boundary,2,-549755813888,0000000002,8000000000,000000000000000000,0
93,directed_boundary,-2,0,fffffffffe,0000000000,000000000000000000,1
94,directed_boundary,-2,1,fffffffffe,0000000001,fffffffffe00000000,0
95,directed_boundary,-2,-1,fffffffffe,ffffffffff,000000000200000000,0
96,directed_boundary,-2,2,fffffffffe,0000000002,ffffffffff00000000,0
97,directed_boundary,-2,-2,fffffffffe,fffffffffe,000000000100000000,0
98,directed_boundary,-2,3,fffffffffe,0000000003,ffffffffff55555555,0
99,directed_boundary,-2,-3,fffffffffe,fffffffffd,0000000000aaaaaaab,0
100,directed_boundary,-2,4294967296,fffffffffe,0100000000,fffffffffffffffffe,0
101,directed_boundary,-2,8589934592,fffffffffe,0200000000,ffffffffffffffffff,0
102,directed_boundary,-2,549755813887,fffffffffe,7fffffffff,000000000000000000,0
103,directed_boundary,-2,-549755813888,fffffffffe,8000000000,000000000000000000,0
104,directed_boundary,549755813887,0,7fffffffff,0000000000,000000000000000000,1
105,directed_boundary,549755813887,1,7fffffffff,0000000001,7fffffffff00000000,0
106,directed_boundary,549755813887,-1,7fffffffff,ffffffffff,800000000100000000,0
107,directed_boundary,549755813887,2,7fffffffff,0000000002,3fffffffff80000000,0
108,directed_boundary,549755813887,-2,7fffffffff,fffffffffe,c00000000080000000,0
109,directed_boundary,549755813887,3,7fffffffff,0000000003,2aaaaaaaaa55555555,0
110,directed_boundary,549755813887,-3,7fffffffff,fffffffffd,d555555555aaaaaaab,0
111,directed_boundary,549755813887,4294967296,7fffffffff,0100000000,000000007fffffffff,0
112,directed_boundary,549755813887,8589934592,7fffffffff,0200000000,000000003fffffffff,0
113,directed_boundary,549755813887,549755813887,7fffffffff,7fffffffff,000000000100000000,0
114,directed_boundary,549755813887,-549755813888,7fffffffff,8000000000,ffffffffff00000000,0
115,directed_boundary,-549755813888,0,8000000000,0000000000,000000000000000000,1
116,directed_boundary,-549755813888,1,8000000000,0000000001,800000000000000000,0
117,directed_boundary,-549755813888,-1,8000000000,ffffffffff,800000000000000000,0
118,directed_boundary,-549755813888,2,8000000000,0000000002,c00000000000000000,0
119,directed_boundary,-549755813888,-2,8000000000,fffffffffe,400000000000000000,0
120,directed_boundary,-549755813888,3,8000000000,0000000003,d55555555555555555,0
121,directed_boundary,-549755813888,-3,8000000000,fffffffffd,2aaaaaaaaaaaaaaaab,0
122,directed_boundary,-549755813888,4294967296,8000000000,0100000000,ffffffff8000000000,0
123,directed_boundary,-549755813888,8589934592,8000000000,0200000000,ffffffffc000000000,0
124,directed_boundary,-549755813888,549755813887,8000000000,7fffffffff,ffffffffff00000000,0
125,directed_boundary,-549755813888,-549755813888,8000000000,8000000000,000000000100000000,0
126,rls_trace_real,75505408,679620103,0004801f00,0028822e07,00000000001c71032f,0
127,rls_trace_imag,0,679620103,0000000000,0028822e07,000000000000000000,0
128,rls_trace_real,82969216,820623735,0004f20280,0030e9b977,000000000019e20583,0
129,rls_trace_imag,5248,820623735,0000001480,0030e9b977,000000000000006b4b,0
130,rls_trace_real,95125504,1078708371,0005ab8000,00404bc893,0000000000169344ab,0
131,rls_trace_imag,12672,1078708371,0000003180,00404bc893,00000000000000c517,0
132,rls_trace_real,110848000,1464757856,00069b6800,00574e6e60,0000000000135f8be0,0
133,rls_trace_imag,19328,1464757856,0000004b80,00574e6e60,00000000000000dd62,0
134,rls_trace_real,131877760,2073257452,0007dc4b80,007b9365ec,00000000001048ad57,0
135,rls_trace_imag,21760,2073257452,0000005500,007b9365ec,00000000000000b016,0
136,deterministic_random,415797938125,0,60cf7d07cd,0000000000,000000000000000000,1
137,deterministic_random,165346524351,-63411295208,267f6bbcbf,f13c646c18,fffffffffd64794157,0
138,deterministic_random,-506355321684,-187649599255,8a1adef4ac,d44f3658e9,0000000002b2caea8e,0
139,deterministic_random,-521476214937,305635520787,8695986f67,47294bf113,fffffffffe4b36493e,0
140,deterministic_random,-20665153154,-350753087088,fb3042c97e,ae557ca190,00000000000f152746,0
141,deterministic_random,-156144156196,49808688542,dba51541dc,0b98d4459e,fffffffffcdd78a497,0
142,deterministic_random,-15440167994,-231887651538,fc67b1bbc6,ca026b3d2e,0000000000110bb1c5,0
143,deterministic_random,535658046363,-409406012590,7cb7b5239b,a0ad800352,fffffffffeb10e1a68,0
144,deterministic_random,351876984650,84816012486,51ed80af4a,13bf6da4c6,00000000042611d102,0
145,deterministic_random,-400267635261,-292157315474,a2ce3095c3,bbfa11266e,00000000015ebb0984,0
146,deterministic_random,-490971405869,356466201469,8dafd2e1d3,52ff0a937d,fffffffffe9f6755e8,0
147,deterministic_random,-455587884918,-399694501596,95ecd8908a,a2f059e924,000000000123cc9243,0
148,deterministic_random,-279952201889,374059523961,bed18c675f,5717af5f79,ffffffffff4067cc02,0
149,deterministic_random,-348400856508,-201622807556,aee1b0d244,d10e581bfc,0000000001ba5d1e14,0
150,deterministic_random,-145732057449,-497997025393,de11b14697,8c0d106f8f,00000000004aea381e,0
151,deterministic_random,433359732917,377519672327,64e640c0b5,57e5ed0c07,000000000125dda00d,0
152,deterministic_random,-308793814607,479129853265,b81a7451b1,6f8e5d5d51,ffffffffff5b02c887,0
153,deterministic_random,-427081954837,-105384268471,9c8fee89eb,e7769bad49,00000000040d783b2d,0
154,deterministic_random,-244841261888,467309509827,c6fe52d4c0,6ccdd13cc3,ffffffffff79df3124,0
155,deterministic_random,373496796057,322513311087,56f624d399,4b174a956f,000000000128780c84,0
156,deterministic_random,-463029758314,-521025308997,9431469696,86b078b6bb,0000000000e38128e4,0
157,deterministic_random,-270744211672,282951895539,c0f6632f28,41e13f49f3,ffffffffff0b0b7ca4,0
158,deterministic_random,444071962884,-147596667754,6764c06904,dda28d9496,fffffffffcfdc6c87f,0
159,deterministic_random,-461890246166,-469269035821,94753229ea,92bd62c4d3,0000000000fbf982f0,0
160,deterministic_random,534091269655,480277755053,7c5a520617,6fd2c8f4ad,00000000011caf16e3,0
161,deterministic_random,64448890413,-165412058516,0f0174062d,d97cac4a6c,ffffffffff9c417332,0
162,deterministic_random,291036983073,117311361449,43c327ef21,1b504d51a9,00000000027b1bd48c,0
163,deterministic_random,-377710407534,-345774614012,a80eb49092,af7e3a1a04,000000000117a4ea1b,0
164,deterministic_random,-534584622908,505103243545,83884600c4,759a7fd919,fffffffffef10edba0,0
165,deterministic_random,334972287790,264928376661,4dfde77b2e,3daef63755,000000000143aef053,0
166,deterministic_random,241402624720,-103664194230,3834b7bad0,e7dd21ed4a,fffffffffdabda6ef1,0
167,deterministic_random,222600968201,303257724960,33d40d3809,469b91a820,0000000000bbe98a9b,0
168,deterministic_random,8082193262,-51714423897,01e1bc7b6e,f3f59483a7,ffffffffffd7fdb354,0
169,deterministic_random,26900137064,-17272528867,06435f8468,fbfa7a201d,fffffffffe714e9c58,0
170,deterministic_random,422900554207,34621262608,6276d659df,080f968b10,000000000c370db4f3,0
171,deterministic_random,-292960461407,211018488968,bbca321da1,3121ae9c88,fffffffffe9c97494d,0
172,deterministic_random,503349407924,435361615653,7531f670b4,655d930f25,000000000127fa5c6d,0
173,deterministic_random,103559173563,385768384187,181c9b95bb,59d19666bb,000000000044b91473,0
174,deterministic_random,-225561379005,46480395363,cb7b7e7f43,0ad2728c63,fffffffffb25ad0b0b,0
175,deterministic_random,494022613434,-203745337448,73060ad9ba,d08fd4df98,fffffffffd934671d6,0
176,deterministic_random,-190330268473,-118326949535,d3af6e94c7,e4732a0961,00000000019bc76a34,0
177,deterministic_random,-108573214166,-100569564387,e6b8883a2a,e895963b1d,0000000001145f90e0,0
178,deterministic_random,-55140083592,499556496625,f329651878,744fe334f1,ffffffffffe3be4339,0
179,deterministic_random,-160154598130,2959796327,dab60ac50e,00b06ae867,ffffffffc9e3d69f3e,0
180,deterministic_random,-184692000132,146493077810,d4ff7fba7c,221baaf932,fffffffffebd3f1b52,0
181,deterministic_random,-132606705799,-498111042861,e120063f79,8c0644aad3,00000000004426f06e,0
182,deterministic_random,-64139594671,-544156930500,f110fb7451,814db82e3c,00000000001e2cb4d1,0
183,deterministic_random,-139059759424,513101316078,df9f6476c0,777738bfee,ffffffffffba9e8e49,0
184,deterministic_random,173485491786,237783068412,28648a864a,375cf9aefc,0000000000bac6c7c6,0
185,deterministic_random,368737100300,348563254042,55da71a20c,5127fd2b1a,00000000010ed10960,0
186,deterministic_random,524711938303,23813613932,7a2b44c8ff,058b66e96c,000000001608bbd81d,0
187,deterministic_random,534351725583,-494625265667,7c69d8440f,8cd60967fd,fffffffffeeb706478,0
188,deterministic_random,-437231693419,454480839888,9a32f5d195,69d12b44d0,ffffffffff09b7525c,0
189,deterministic_random,-293059977733,-355497331411,bbc4439dfb,ad3ab5352d,0000000000d309a97f,0
190,deterministic_random,462732919087,44868944855,6bbd08012f,0a7265c3d7,000000000a50200636,0
191,deterministic_random,477299370079,-126799227574,6f2142685f,e27a2d554a,fffffffffc3c5c8044,0
192,deterministic_random,37051401525,122793726328,08a06f8535,1c97139178,00000000004d3ea196,0
193,deterministic_random,181634753169,-461911264513,2a4a466291,9473f172ff,ffffffffff9b55a646,0
194,deterministic_random,-63713758693,85570340732,f12a5d321b,13ec63c77c,ffffffffff41635cd3,0
195,deterministic_random,-103357937270,-426027217399,e7ef63098a,9ccecc8e09,00000000003e1b9ba9,0
196,deterministic_random,-400400413866,70787435610,a2c6468b56,107b428c5a,fffffffffa57f7af62,0
197,deterministic_random,501348764934,-291785080511,74bab70d06,bc10410141,fffffffffe48233a32,0
198,deterministic_random,420942954026,-528073018521,620227be2a,850c653367,ffffffffff33ef465b,0
199,deterministic_random,428292302779,-343274428107,63b835e7bb,b0133fe935,fffffffffec098df0b,0
200,deterministic_random,28793297066,-95689852531,06b436d8aa,e9b870b98d,ffffffffffb2f8110e,0
201,deterministic_random,-22001705780,496522241066,fae0989ccc,739b08242a,fffffffffff4a7fe59,0
202,deterministic_random,-285818979741,-16965890121,bd73dc7a63,fc0cc10fb7,0000000010d8c03e8e,0
203,deterministic_random,127369539834,-516707887789,1da7d0f0fa,87b1cf5553,ffffffffffc0e53e4f,0
204,deterministic_random,408592291867,-442806812223,5f21ff981b,98e6a841c1,ffffffffff13c7cb74,0
205,deterministic_random,156806692081,37287819681,2482683cf1,08ae86f9a1,0000000004348eef38,0
206,deterministic_random,-182822100503,-489673314286,d56ef421e9,8dfd323012,00000000005f94359a,0
207,deterministic_random,387414772091,363687469461,5a33b8497b,54ad766195,000000000110b3a0e5,0
208,deterministic_random,266528003452,328065314293,3e0e4e957c,4c62376df5,0000000000cffafe36,0
209,deterministic_random,-542474879513,-71536274198,81b1fa3de7,ef581b14ea,0000000007954d8413,0
210,deterministic_random,384769783010,-354974913193,599610f4e2,ad59d8ad57,fffffffffeea8339fd,0
211,deterministic_random,315817548418,-413697626378,4988315a82,9fadb32ef6,ffffffffff3c91b1a8,0
212,deterministic_random,64512434851,423447712345,0f053da2a3,6297735259,000000000027006fd3,0
213,deterministic_random,-63567245709,-172565429360,f13318ce73,d7d24c8390,00000000005e4d3ccd,0
214,deterministic_random,-322515518801,271964678486,b4e893baaf,3f525ba956,fffffffffed06aa3a3,0
215,deterministic_random,-402936663227,-432457528888,a22f1a7345,9b4f85c9c8,0000000000ee86503b,0
216,deterministic_random,93195300296,194310821600,15b2df6dc8,2d3dd3d6e0,00000000007ac85b82,0
217,deterministic_random,471550456923,-20210049764,6dca98f45b,fb4b631d1c,ffffffffe8aae2fefd,0
218,deterministic_random,-273782479707,-215913669294,c0414ae4a5,cdba8add52,0000000001449cd896,0
219,deterministic_random,535397190325,231203043759,7ca828cab5,35d4c679af,000000000250d1ccff,0
220,deterministic_random,70499142917,130138714919,106a138d05,1e4cdf3327,00000000008aae5ccc,0
221,deterministic_random,192127965582,499744426620,2cbbb8198e,745b16ca7c,0000000000626b79ad,0
222,deterministic_random,193301408657,-64153320037,2d01a96b91,f1102a059b,fffffffffcfca46a7a,0
223,deterministic_random,-92500451114,-351050829882,ea768b20d6,ae43bd6fc6,000000000043747779,0
224,deterministic_random,60095797137,-91679786754,0dfdfd1791,eaa77578fe,ffffffffff58315e60,0
225,deterministic_random,342020860173,-291245999051,4fa208290d,bc3062bc35,fffffffffed35eabd4,0
226,deterministic_random,111904455293,248264259548,1a0e067a7d,39cdb3f7dc,000000000073642d88,0
227,deterministic_random,-284335349740,-276673286565,bdcc4ae014,bf94fcae5b,00000000010716ec88,0
228,deterministic_random,-170420825441,196858821611,d85220929f,2dd5b33beb,ffffffffff22616fdf,0
229,deterministic_random,175594738148,335520341757,28e24311e4,4e1e921efd,000000000085fa4c5c,0
230,deterministic_random,280661525309,227343734272,4158bb033d,34eebe1600,00000000013c09d4b6,0
231,deterministic_random,-307103273680,445483865323,b87f37ed30,67b8e854eb,ffffffffff4f85704b,0
232,deterministic_random,66914794593,-238751231811,0f946ebc61,c8695150bd,ffffffffffb8403a98,0
233,deterministic_random,181413816340,495985251390,2a3d1b2814,737b06543e,00000000005da2bea9,0
234,deterministic_random,67533453631,-523240161349,0fb94eb93f,862c74bfbb,ffffffffffdef569bc,0
235,deterministic_random,69144977057,186710662157,10195c9ea1,2b78d29c0d,00000000005ece17ec,0
236,deterministic_random,452566505263,333498835898,695f10d72f,4da61463ba,00000000015b6609fe,0
237,deterministic_random,62443347646,-157167378165,0e89e9debe,db6818210b,ffffffffff9a4a3c34,0
238,deterministic_random,-478945540426,307194761637,907c9f06b6,47863c11a5,fffffffffe70df3585,0
239,deterministic_random,255094549248,8298361466,3b64d1eb00,01ee9ef27a,000000001ebd87aedf,0
240,deterministic_random,29227776509,450382686986,06ce1c79fd,68dce66b0a,0000000000109cfc96,0
241,deterministic_random,-156609253091,478724032480,db895c711d,6f762d07e0,ffffffffffac40a006,0
242,deterministic_random,252754471948,-69136495348,3ad9572c0c,efe724cd0c,fffffffffc58187e57,0
243,deterministic_random,328381385985,-149157523327,4c750e4d01,dd4584d081,fffffffffdcc659ea2,0
244,deterministic_random,46265057975,-276980526367,0ac59cc2b7,bf82ac92e1,ffffffffffd53d4900,0
245,deterministic_random,311731427273,-463030801422,4894a417c9,943136abf2,ffffffffff53a6766e,0
246,deterministic_random,134526249276,34620773280,1f5263a93c,080f8f13a0,0000000003e2bdd2b3,0
247,deterministic_random,325035626531,150583555232,4bada21023,230f7ab4a0,00000000022893e6aa,0
248,deterministic_random,327092689563,-236536509727,4c283e5a9b,c8ed534ae1,fffffffffe9dfe0c27,0
249,deterministic_random,-304957270864,312956366359,b8ff2154b0,48dda72e17,ffffffffff068b15ee,0
250,deterministic_random,105036464234,191643469459,1874a9406a,2c9ed74693,00000000008c4f2553,0
251,deterministic_random,-260045427621,-446599710745,c37415ac5b,98049537e7,0000000000951034d7,0
252,deterministic_random,-530577542013,-254235598542,84771d3483,c4ce60a132,000000000216427fdd,0
253,deterministic_random,-263926687815,499590095501,c28cbe57b9,7451e3e28d,ffffffffff78c237ca,0
254,deterministic_random,145589300750,407195323147,21e5cc6e0e,5ecebb8b0b,00000000005b87da07,0
255,deterministic_random,352140182922,-479418906672,51fd30c58a,90606807d0,ffffffffff43f6da06,0
256,deterministic_random,-345089402801,-297914456468,afa711984f,baa2ea266c,00000000012889aafa,0
257,deterministic_random,276791293779,-424876859439,40720bf753,9d135d9fd1,ffffffffff5939c2ca,0
258,deterministic_random,-485144542343,-91366348336,8f0b21c379,eaba2429d0,00000000054f546fcd,0
259,deterministic_random,-972345504,-474895417281,ffc60b2f60,916e07003f,000000000000862f40,0
260,deterministic_random,49675176805,140390749764,0b90df0b65,20aff0d644,00000000005a94f01e,0
261,deterministic_random,332641498373,-107684639451,4d72fa7505,e6ed7ecd25,fffffffffce935138f,0
262,deterministic_random,31407563606,-177394283375,0750096356,d6b27a0c91,ffffffffffd2ace2d3,0
263,deterministic_random,482697734121,0,706306e7e9,0000000000,000000000000000000,1
264,deterministic_random,-339335448880,-356238262819,b0fe07f6d0,ad0e8b7ddd,0000000000f3da71ac,0
265,deterministic_random,55971105637,-361992272262,0d08234b65,abb794467a,ffffffffffd86ad954,0
266,deterministic_random,-413754093327,-49056896395,9faa5590f1,f493fb2a75,00000000086f259e11,0
267,deterministic_random,-492391063152,-493089298520,8d5b34a190,8d319667a8,0000000000ffa332c0,0
268,deterministic_random,-336322062926,242591117272,b1b1a495b2,387b8eafd8,fffffffffe9d1694d0,0
269,deterministic_random,183257879983,354514333770,2aab0555af,528ab3704a,000000000084554cca,0
270,deterministic_random,23948242740,-294138645703,05936d2f34,bb83f87339,ffffffffffeb282d10,0
271,deterministic_random,-12411840885,303898499920,fd1c32568b,46c1c31b50,fffffffffff58b5fee,0
272,deterministic_random,-279423308574,1025982746,bef112ace2,003d27411a,fffffffeefa72becb8,0
273,deterministic_random,-415195706395,-408444961245,9f54684be5,a0e6c87e23,0000000001043b2c77,0
274,deterministic_random,-49482748303,-89492784907,f47a992e71,eb29d078f5,00000000008d8c74d3,0
275,deterministic_random,518093702921,491181843335,78a0ca8709,725cb82387,00000000010e06b7e2,0
276,deterministic_random,-21337311707,-146239459296,fb08327625,ddf372f020,0000000000255a23a0,0
277,deterministic_random,-547666774390,-465897714072,807c84368a,9386550e68,00000000012cee21dd,0
278,deterministic_random,473438463098,-120113491511,6e3b21a47a,e408ad91c9,fffffffffc0ef3c7a3,0
279,deterministic_random,-423765386117,119199421839,9d559d5c7b,1bc0d6d58f,fffffffffc71e53abe,0
280,deterministic_random,-29513567911,515955889761,f920dab159,78215e1661,fffffffffff15b3a46,0
281,deterministic_random,-342835350305,532094069889,b02d6bb4df,7be3472c81,ffffffffff5b0e4692,0
282,deterministic_random,261997762527,-55486856578,3d004897df,f314b9c27e,fffffffffb473834bb,0
283,deterministic_random,345314830291,78754027965,50665e27d3,12561b19bd,0000000004627d6668,0
284,deterministic_random,-275945169706,497021777272,bfc062dcd6,73b8ce7578,ffffffffff71de9645,0
285,deterministic_random,-54240105546,-233459817265,f35f09abb6,c9a4b5e4cf,00000000003b7a1659,0
286,deterministic_random,415684258692,468187741630,60c8b66b84,6d0229fdbe,0000000000e34aaa67,0
287,deterministic_random,-128738561304,-308891987185,e2069572e8,b8149a530f,00000000006ab1c9d0,0
288,deterministic_random,-465431183420,537561937214,93a223bfc4,7d2930353e,ffffffffff2259b479,0
289,deterministic_random,-475934176293,-462813695045,91301ccbdb,943e2773bb,00000000010741e7ab,0
290,deterministic_random,63184690975,-479767399152,0eb619df1f,904ba27510,ffffffffffde490046,0
291,deterministic_random,256240378675,213580888471,3ba91de333,31ba69b997,00000000013321ce48,0
292,deterministic_random,-60794440048,401340656740,f1d85e7690,5d71c46c64,ffffffffffd938b62f,0
293,deterministic_random,-376599116852,329149422121,a850f183cc,4ca2d59a29,fffffffffedb186d50,0
294,deterministic_random,-453057292259,-143805085947,9683ae581d,de848c8705,00000000032686e164,0
295,deterministic_random,-30227826918,95972717029,f8f647f71a,16586b71e5,ffffffffffaf5e9a9b,0
296,deterministic_random,370265809886,157985984637,56358fe3de,24c8b2d07d,000000000257fa421a,0
297,deterministic_random,-341897107104,-333585495615,b065582960,b254c149c1,00000000010660e4e0,0
298,deterministic_random,169141627992,-59933054529,2761a06c58,f20bb629bf,fffffffffd2d85dfb0,0
299,deterministic_random,120007170473,-2284623510,1bf0fc19a9,ff77d3696a,ffffffffcb78c79a6f,0
300,deterministic_random,-430623016525,-233002835911,9bbcde39b3,c9bff2e039,0000000001d920072b,0
301,deterministic_random,-506429004194,-439311096116,8a167aa65e,99b704a6cc,0000000001271c957d,0
302,deterministic_random,-89829186646,-23186290566,eb15c363aa,fa99fd487a,0000000003dfce0051,0
303,deterministic_random,-313462472680,133546018397,b7042e4018,1f17f6865d,fffffffffda71c4d45,0
304,deterministic_random,-127048094660,202321830011,e26b57ec3c,2f1b52207b,ffffffffff5f3ea2cc,0
305,deterministic_random,499614899548,-485604276741,74535e5d5c,8eefbac5fb,fffffffffef89d28dd,0
306,deterministic_random,124229483445,466987124892,1ceca77bb5,6cba9a089c,0000000000441a1b5a,0
307,deterministic_random,-513697878284,137304911031,8865386ef4,1ff802acb7,fffffffffc423aa22e,0
308,deterministic_random,-481597279540,-537382391184,8fde90b2cc,82e1837270,0000000000e56cc684,0
309,deterministic_random,-382316257645,334859619722,a6fc2cde93,4df7304d8a,fffffffffedbb82c49,0
310,deterministic_random,-158338889168,-443052646443,db22444a30,98d8011fd5,00000000005b7d5d43,0
311,deterministic_random,-153291837676,-523658969840,dc4f182f14,86137e3d10,00000000004af07f34,0
312,deterministic_random,189941920338,-459352494407,2c396bb252,950c752eb9,ffffffffff9624e976,0
313,deterministic_random,-119892160659,79178236766,e415decf6d,126f64035e,fffffffffe7c5cfefb,0
314,deterministic_random,-373138847968,-36376607460,a91f310720,f787c9051c,000000000a41f5f6b9,0
315,deterministic_random,517872733800,129156638484,78939ece68,1e1255e714,000000000402785488,0
316,deterministic_random,-2988926774,-45970585803,ff4dd898ca,f54bf08735,000000000010a50921,0
317,deterministic_random,-38805899616,-220450859886,f6f6fcf6a0,ccac1ad492,00000000002d10485e,0
318,deterministic_random,256997075523,10990802055,3bd6382a43,028f1a5487,0000000017620739db,0
319,deterministic_random,439704357868,-186355577123,66606c0bec,d49c578edd,fffffffffda3f86144,0
320,deterministic_random,353116435339,322689235338,523761338b,4b21c6f98a,000000000118238ef4,0
321,deterministic_random,-43199527704,169361370331,f5f11b84e8,276eb96cdb,ffffffffffbeb387b5,0
322,deterministic_random,-57589050180,-227829859883,f2976cd4bc,caf44839d5,000000000040b5ad73,0
323,deterministic_random,-530764483018,259201940009,846bf8b636,3c59a3ba29,fffffffffdf3cac64e,0
324,deterministic_random,355315059271,-247930359722,52ba6d8a47,c64632f056,fffffffffe911ec1a0,0
325,deterministic_random,363179662942,-490663836181,548f31de5e,8dc22805eb,ffffffffff42838caf,0
326,deterministic_random,355298617568,159669245558,52b972a8e0,252d075676,000000000239a7c789,0
327,deterministic_random,-542562465055,-486519672760,81acc1cae1,8eb92af048,00000000011d7d2be6,0
328,deterministic_random,475189633713,-481739837485,6ea38262b1,8fd6116fd3,ffffffffff037b175c,0
329,deterministic_random,-371651108539,197233967504,a977de2145,2dec0f8190,fffffffffe1d9d787e,0
330,deterministic_random,122232343238,151693861779,1c759d8ac6,2351a8a393,0000000000ce47cc59,0
331,deterministic_random,121497098872,347309440874,1c49ca9a78,50dd417f6a,0000000000598e0cff,0
332,deterministic_random,12568944966,55283693358,02ed2ae146,0cdf2a372e,00000000003a33d7ed,0
333,deterministic_random,-127612268549,157772487874,e249b74ffb,24bbf91cc2,ffffffffff30f00a65,0
334,deterministic_random,-347166886618,-380944799120,af2b3db526,a74debaa70,0000000000e94d00a4,0
335,deterministic_random,300474930424,-52737157981,45f5b394f8,f3b89ed4a3,fffffffffa4d6a75d7,0
336,deterministic_random,-281503385783,-390269671093,be75173749,a5221d694b,0000000000b8a76e60,0
337,deterministic_random,-294610399881,272552712148,bb67da0d77,3f756857d4,fffffffffeeb482c1c,0
338,deterministic_random,371748315052,-286371700811,568ded1fac,bd52ea9fb5,fffffffffeb3ad9c53,0
339,deterministic_random,314313561169,-236313744341,492e8c5451,c8fa9a6c2b,fffffffffeab809ad4,0
340,deterministic_random,-245827549629,15828855804,c6c3894643,03af792bfc,fffffffff0783b7bdb,0
341,deterministic_random,149842937338,-407162898875,22e355c5fa,a133333645,ffffffffffa1c9a077,0
342,deterministic_random,458618214642,325917213191,6ac7c698f2,4be22e0207,0000000001683bbf86,0
343,deterministic_random,49477067028,-535656396978,0b85102114,834864074e,ffffffffffe85a9ffd,0
344,deterministic_random,-220278691019,331110086290,ccb65deb35,4d17b2f692,ffffffffff55b0a697,0
345,deterministic_random,-457480449049,-351840383466,957c0a53e7,ae14adce16,00000000014cdd2ea6,0
346,deterministic_random,-453466442439,14848725723,966b4b3539,03750d92db,ffffffffe175fec428,0
347,deterministic_random,-485442532783,497329282770,8ef95eca51,73cb229ed2,ffffffffff061e6308,0
348,deterministic_random,522510406531,-172808932366,79a80c1383,d7c3c8f3f2,fffffffffcf9f35557,0
349,deterministic_random,-192974401227,-280923571828,d311d45135,be97a6798c,0000000000afda8b6e,0
350,deterministic_random,272676756174,275394214969,3f7ccd1ace,401ec63c39,0000000000fd79526f,0
351,deterministic_random,395230281075,93679337307,5c058f7d73,15cfb93f5b,0000000004380e6524,0
352,deterministic_random,-528857979860,-548292735821,84dd9ba42c,805734ccb3,0000000000f6ed03ab,0
353,deterministic_random,207625545688,-187750747018,30577267d8,d4492ef476,fffffffffee4e6882f,0
354,deterministic_random,504898037768,-239558541014,758e44a808,c83932c12a,fffffffffde4731b70,0
355,deterministic_random,-71833658137,-473409436354,ef46615ce7,91c699453e,000000000026d839f6,0
356,deterministic_random,-513873002093,506687886959,885ac84193,75f8f3966f,fffffffffefc5ea9c7,0
357,deterministic_random,-292246337810,-261026856790,bbf4c2c6ee,c3399640aa,00000000011e9e4608,0
358,deterministic_random,-497945854142,532349850612,8c101d3f42,7bf28613f4,ffffffffff108b5f8d,0
359,deterministic_random,266988206897,-439030255090,3e29bcbb31,99c7c1f20e,ffffffffff64517b70,0
360,deterministic_random,158340970737,515485120366,24dddb78f1,78054eb76e,00000000004ea29e1e,0
361,deterministic_random,-66487632130,-349325818085,f085073efe,aeaa8f071b,000000000030b98d18,0
362,deterministic_random,32412209517,-191212476386,078beb116d,d37ad9281e,ffffffffffd49b1130,0
363,deterministic_random,-515690821086,-304501687108,87ee6e8a22,b91a48fcbc,0000000001b18cebbd,0
364,deterministic_random,-500094694958,61697869117,8b900889d2,0e5d7ac53d,fffffffff7e4fb2c21,0
365,deterministic_random,-128685249815,-327770151408,e209c2eae9,b3af606610,00000000006481f89c,0
366,deterministic_random,-441878013854,-404680965679,991e049862,a1c72281d1,00000000011787dedc,0
367,deterministic_random,197491613296,348024574140,2dfb6ade70,5107e190bc,000000000091455b91,0
368,deterministic_random,-498876699126,218374963176,8bd8a1ae0a,32d8297fe8,fffffffffdb72b4785,0
369,deterministic_random,-333544330451,192819309490,b257356b2d,2ce4ed2bb2,fffffffffe4529f62d,0
370,deterministic_random,100460839560,59275694678,1763eec288,0dcd1b5256,0000000001b1ded8b1,0
371,deterministic_random,-330011020861,511842787874,b329cf71c3,772c352222,ffffffffff5af19d6b,0
372,deterministic_random,15322913150,-352834339962,039151197e,add96f3b86,fffffffffff4e1e5f3,0
373,deterministic_random,189450042466,81157355986,2c1c1a3c62,12e55af9d2,00000000025598425a,0
374,deterministic_random,-153906714667,-89113310393,dc2a71e7d5,eb406ecb47,0000000001ba229361,0
375,deterministic_random,35930208524,-433332581947,085d9b790c,9b1b5d89c5,ffffffffffeac60432,0
376,deterministic_random,-57731789861,286913237002,f28eeacbdb,42cd5c900a,ffffffffffcc7d0cbd,0
377,deterministic_random,-280870355110,-57164051169,be9ad27f5a,f2b0c1cd1f,0000000004e9d529a1,0
378,deterministic_random,124199606892,369272033702,1ceadf9a6c,55fa5411a6,0000000000561a238b,0
379,deterministic_random,-526668884551,-226963255190,85601695b9,cb27ef906a,0000000002520c79d7,0
380,deterministic_random,526712844111,488203874774,7aa2882f4f,71ab37f1d6,0000000001143167d1,0
381,deterministic_random,347059734881,126046521769,50ce5f4961,1d58f549a9,0000000002c0e08209,0
382,deterministic_random,459080442516,-289379075495,6ae353a294,bc9fa9ba59,fffffffffe69df8b16,0
383,deterministic_random,292488355460,-438745376346,4419aa1e84,99d8bcd9a6,ffffffffff55569cbe,0
384,deterministic_random,-61748153949,292364811901,f19f85f1a3,44124cfe7d,ffffffffffc9eea37c,0
385,deterministic_random,199211750781,-273873259990,2e61f2157d,c03be1b22a,ffffffffff45c9fd33,0
386,deterministic_random,27752125385,-382556617856,067627d3c9,a6edd94380,ffffffffffed6dc45b,0
387,deterministic_random,-464530283085,141040434387,93d7d665b3,20d6aa3cd3,fffffffffcb4d6dbdc,0
388,deterministic_random,53314173610,363720012116,0c69c5baaa,54af66f154,0000000000258648ab,0
389,deterministic_random,-18979665907,-194151803173,fb94b9480d,d2cba696db,00000000001906978c,0
390,deterministic_random,-479343465399,0,9064e72c49,0000000000,000000000000000000,1
391,deterministic_random,-169377058629,262407194313,d8905730bb,3d18b006c9,ffffffffff5ac234e5,0
392,deterministic_random,218634150039,-140064676645,32e79c6097,df637ea4db,fffffffffe70657d90,0
393,deterministic_random,285852629484,422884499388,428e24f9ec,6275e15fbc,0000000000ad0ba7fb,0
394,deterministic_random,-405666026067,-136596674700,a18c6badad,e032342774,0000000002f845661c,0
395,deterministic_random,-259722195353,475603906678,c38759ce67,6ebc33b076,ffffffffff74337e2e,0
396,deterministic_random,517483290684,357185596622,787c68603c,5329ebacce,000000000172e33c46,0
397,deterministic_random,451074933717,-172171868640,69062943d5,d7e9c1c620,fffffffffd614d8709,0
398,deterministic_random,481479814494,-163945847133,701a6eed5e,d9d410e6a3,fffffffffd102c6a78,0
399,deterministic_random,-213024931232,406431468522,ce66b98260,5ea1340bea,ffffffffff79d24afd,0
400,deterministic_random,-136909462048,275961103210,e01f8f65e0,404090436a,ffffffffff80fe5d83,0
401,deterministic_random,-61848310216,524284714000,f1998dae38,7a11cddc10,ffffffffffe1cce9ab,0
402,deterministic_random,-309960818796,-138308416132,b7d4e53f94,dfcc2d0d7c,00000000023db7b33c,0
403,deterministic_random,-444234966484,497865033700,9891885a2c,73eb1187e4,ffffffffff1b938b40,0
404,deterministic_random,-104654641963,18070868594,e7a218e4d5,04351b9272,fffffffffa356a630e,0
405,deterministic_random,-285901837089,85079123506,bd6eec2cdf,13cf1c6632,fffffffffca3bb52bb,0
406,deterministic_random,-485627433153,-8280492744,8eee596f3f,fe1271b538,000000003aa5acad0e,0
407,deterministic_random,-105455487930,-316046657472,e7725cf446,b66a26b840,0000000000556b7044,0
408,deterministic_random,-394518040126,280959288122,a424e471c2,416a7a833a,fffffffffe98878367,0
409,deterministic_random,548495563736,-262497429531,7fb4e21bd8,c2e1ef17e5,fffffffffde914bbf7,0
410,deterministic_random,492423259848,-121585929238,72a6b6a6c8,e3b0e9f3ea,fffffffffbf3331132,0
411,deterministic_random,303448914206,-125264449824,46a6f6f91e,e2d5a82ee0,fffffffffd93d93ed7,0
412,deterministic_random,-374079903836,77904824659,a8e719a7a4,12237d4953,fffffffffb32c02a57,0
413,deterministic_random,-276529063612,-527957421891,bf9d955944,85134910bd,00000000008615e3ff,0
414,deterministic_random,-116020696507,545587640669,e4fca0aa45,7f078eb95d,ffffffffffc98f975d,0
415,deterministic_random,-116393964171,242147770123,e4e6610d75,386121bf0b,ffffffffff84f29878,0
416,deterministic_random,-377097501630,393355404223,a8333cc442,5b95cf23bf,ffffffffff0a94b0ad,0
417,deterministic_random,125916182789,334055394157,1d51307905,4dc740cb6d,0000000000607e9e55,0
418,deterministic_random,-270064921868,-41786031429,c11ee052f4,f6455bc2bb,00000000067689fe03,0
419,deterministic_random,370995882129,17624264935,566113e891,041a7cf0e7,00000000150cdfc8ae,0
420,deterministic_random,406299574363,-524712476856,5e9957805b,85d4b2ff48,ffffffffff39c5a385,0
421,deterministic_random,215787200594,-365398881865,323deb6052,aaec8789b7,ffffffffff68d18e2f,0
422,deterministic_random,507318520722,-418250120761,761e8a4b92,9e9e59a1c7,fffffffffec97bca27,0
423,deterministic_random,334499247060,143750499469,4de1b573d4,2178328c8d,000000000253b28caa,0
424,deterministic_random,-535347634953,412058683718,835acb5cf7,5ff09c8946,fffffffffeb367788a,0
425,deterministic_random,487123219422,120581672141,716ace73de,1c133a4ccd,00000000040a2ee8b4,0
426,deterministic_random,521611621414,-227399835834,797279b426,cb0de9df46,fffffffffdb4c8fb63,0
427,deterministic_random,164599095977,-506967361026,2652dee2a9,89f663f9fe,fffffffffface22b00,0
428,deterministic_random,446269959821,274419692684,67e7c32e8d,3fe4b0348c,0000000001a050b5d6,0
429,deterministic_random,512858452201,-237275156606,7768bef0e9,c8c14c6f82,fffffffffdd6ab31e2,0
430,deterministic_random,-492362192615,-385648450867,8d5ced2919,a6358fa2cd,000000000146d6a128,0
431,deterministic_random,-148529297968,155053368986,dd6af6c5d0,2419e6a69a,ffffffffff0ac5830f,0
432,deterministic_random,472826484692,-368682092291,6e16a797d4,aa28d5b8fd,fffffffffeb7af8e1e,0
433,deterministic_random,252930497892,156476695021,3ae3d51d64,246ebce1ed,00000000019dcd0c11,0
434,deterministic_random,303708225017,243129646203,46b66bbdf9,389ba7fc7b,00000000013fc90e7a,0
435,deterministic_random,125845884455,-500625261905,1d4cffce27,8b7068baaf,ffffffffffbfa5bace,0
436,deterministic_random,456054020363,-428379485043,6a2ef0190b,9c4297cc8d,fffffffffeef76300b,0
437,deterministic_random,341752297415,-125829272641,4f920637c7,e2b3fdabbf,fffffffffd48b43a4a,0
438,deterministic_random,326849412007,-517309718804,4c19be3ba7,878df01eec,ffffffffff5e40b10d,0
439,deterministic_random,156500781630,-420416203995,24702c6a3e,9e1d3dd325,ffffffffffa0b41770,0
440,deterministic_random,110053254174,94251524243,199faf641e,15f1d42093,00000000012aeb6e7b,0
441,deterministic_random,-495473151872,-508430269898,8ca37fb080,899f31c236,0000000000f979d827,0
442,deterministic_random,-346758493137,-71095036182,af43954c2f,ef7267d6ea,0000000004e09ce25a,0
443,deterministic_random,-290246632769,-9609598128,bc6bf3dabf,fdc3392b50,000000001e342df608,0
444,deterministic_random,424437198546,39423383116,62d26daed2,092dd1164c,000000000ac420fb14,0
445,deterministic_random,189008374197,-277184376517,2c01c6e9b5,bf7686113b,ffffffffff516fdd77,0
446,deterministic_random,-121303027499,-6887558096,e3c1c6b0d5,fe65783430,00000000119ca5e361,0
447,deterministic_random,-364385203345,-279248498209,ab28f30b6f,befb7e11df,00000000014e0c7af3,0
448,deterministic_random,36232631909,393469312779,086fa21665,5b9c993f0b,00000000001792e25f,0
449,deterministic_random,-521283725956,-543137955188,86a111957c,818a74828c,0000000000f5b3078d,0
450,deterministic_random,325445803960,486333831303,4bc614dfb8,713bc15887,0000000000ab4f8183,0
451,deterministic_random,516963529208,-409442920457,785d6d71f8,a0ab4cd7f7,fffffffffebcc61a4a,0
452,deterministic_random,-116599676652,-279609961892,e4da1e2114,bee5f2925c,00000000006ac10e6e,0
453,deterministic_random,-162254569525,315270187221,da38dfbfcb,49679148d5,ffffffffff7c3fbcef,0
454,deterministic_random,396177940971,444478251356,5c3e0ba1eb,677cf7e15c,0000000000e42e5f03,0
455,deterministic_random,-42190536464,149227093692,f62d3f80f0,22bea0bebc,ffffffffffb79f3329,0
456,deterministic_random,-496859766263,-684652412,8c50d9a209,ffd7310884,00000002d5b6022715,0
457,deterministic_random,-183294266997,-380846232607,d552cf718b,a753cbabe1,00000000007b35449a,0
458,deterministic_random,-162744580435,-345551762330,da1baac6ad,af8b828c66,0000000000789180ab,0
459,deterministic_random,-133497638609,10068495763,e0eaebb12f,0258210d93,fffffffff2bdb5bc0c,0
460,deterministic_random,119335119811,-222414366390,1bc8ed6bc3,cc3712194a,ffffffffff76a50b75,0
461,deterministic_random,7416268323,-534432830037,01ba0b4623,8391522dab,fffffffffffc729055,0
462,deterministic_random,350032793226,222216321610,517f948e8a,33bd1ffa4a,0000000001933f9cb9,0
463,deterministic_random,-17929712564,-277262364194,fbd34e4c4c,bf71e011de,0000000000108e0375,0
464,deterministic_random,-224009807066,-407804915068,cbd7f99b26,a10ceed284,00000000008c9f565d,0
465,deterministic_random,335673446327,-385791333604,4e27b24fb7,a62d0b6b1c,ffffffffff2141bc9d,0
466,deterministic_random,-337260783041,323969197364,b179b0da3f,4b6e11a534,fffffffffef57f3be8,0
467,deterministic_random,49148471607,404486290898,0b717a2937,5e2d42fdd2,00000000001f1b2c3e,0
468,deterministic_random,45551617977,454495581385,0a9b1687b9,69d20c34c9,000000000019a85107,0
469,deterministic_random,101705439122,-369636784813,17ae1dd792,a9efee4553,ffffffffffb98fca91,0
470,deterministic_random,431200122865,111481168911,646587b7f1,19f4cba40f,0000000003de2fef41,0
471,deterministic_random,353422391525,404044200623,52499db8e5,5e12e93aaf,0000000000dfed2383,0
472,deterministic_random,-139117490181,-317531785911,df9bf38ffb,b611a17549,00000000007028ba66,0
473,deterministic_random,-505719461081,-347438313473,8a40c56b27,af1b100fff,0000000001749ffc51,0
474,deterministic_random,-427956730460,-484962258527,9c5bca85a4,8f15ff31a1,0000000000e1e87c07,0
475,deterministic_random,91143162769,418076941283,15388e4b91,615753dbe3,000000000037cf38fb,0
476,deterministic_random,-244109166879,268314868449,c729f5b6e1,3e78cffae1,ffffffffff17184044,0
477,deterministic_random,291021229102,-85542823485,43c2378c2e,ec154019c3,fffffffffc99130c0c,0
478,deterministic_random,-522809126849,194572417224,864625d03f,2d4d6b78c8,fffffffffd50231c97,0
479,deterministic_random,-137804570805,-513228870277,dfea351f4b,88812ced7b,000000000044bcc01d,0
480,deterministic_random,-537719449686,-8004661337,82cd6c57aa,fe22e28fa7,00000000432d00943f,0
481,deterministic_random,479234066775,-325808568190,6f94938957,b4244bc882,fffffffffe8772a571,0
482,deterministic_random,-528697771424,-192632852728,84e7283a60,d3262fef08,0000000002be9d4dd3,0
483,deterministic_random,131111171544,265329793074,1e86d5b5d8,3dc6e35832,00000000007e803b8d,0
484,deterministic_random,335328205856,269924691744,4e131e5c20,3ed8c3ef20,00000000013e078ec1,0
485,deterministic_random,167069737569,540663660879,26e621e261,7de210c14f,00000000004f1b308b,0
486,deterministic_random,247984991930,-406458769838,39bd0eaeba,a15d2b5e52,ffffffffff63cfc2ec,0
487,deterministic_random,177854199232,-142414494811,2968efb5c0,ded76f43a5,fffffffffec04b6e99,0
488,deterministic_random,-43776488584,-503832291118,f5ceb7cb78,8ab14158d2,0000000000163e3a60,0
489,deterministic_random,232823433232,297469944725,36355ba810,4542972395,0000000000c85da411,0
490,deterministic_random,-389024143456,-463873475244,a56c5aa7a0,93fefc7d54,0000000000d6b14b29,0
491,deterministic_random,-292677845890,114248068534,bbdb0a7c7e,1a99b72db6,fffffffffd702f8377,0
492,deterministic_random,-263934397524,337669799883,c28c48b3ac,4e9eb03fcb,ffffffffff37e6cb8e,0
493,deterministic_random,103385169563,373534770044,18123c7e9b,56f868437c,000000000046dabdb6,0
494,deterministic_random,-246546687845,180760052936,c698ac189b,2a162384c8,fffffffffea2d487c9,0
495,deterministic_random,380986598369,209675547917,58b49223e1,30d1a2f50d,0000000001d128d3ca,0
496,deterministic_random,224813835362,-419940773488,3457f2e462,9e39945190,ffffffffff76f387a7,0
497,deterministic_random,-444465768044,-510999957123,9883c69994,890607717d,0000000000deaaf4fd,0
498,deterministic_random,231738810461,307371152980,35f4b5a05d,4790bf9654,0000000000c10215aa,0
499,deterministic_random,13679009099,-249920158325,032f551d4b,c5cf99058b,fffffffffff1fcfbf9,0
500,deterministic_random,234265525143,454962085132,368b503b97,69edda7d0c,000000000083d14917,0
501,deterministic_random,-220317298926,-363416588523,ccb410cf12,ab62aeef15,00000000009b327a2d,0
502,deterministic_random,172130029418,-30181824044,2813bfcf6a,f8f905e9d4,fffffffffa4c017d3c,0
503,deterministic_random,430754727188,162043979718,644afb8514,25ba92e7c6,0000000002a8839ae7,0
504,deterministic_random,-110512755748,52951146677,e644ed2bdc,0c542260b5,fffffffffde9b5c5e3,0
505,deterministic_random,182936902065,-144738078831,2a97e399b1,de4cf02f91,fffffffffebc6ff160,0
506,deterministic_random,-163213039483,118668309646,d9ffbea885,1ba12eb48e,fffffffffe9fe7a33e,0
507,deterministic_random,-233623901842,-536592631695,c99aee296e,8310963871,00000000006f755525,0
508,deterministic_random,24090466010,188342537786,059be756da,2bda170e3a,000000000020be8f93,0
509,deterministic_random,224834547486,-82688076904,34592eef1e,ecbf681398,fffffffffd47eb2000,0
510,deterministic_random,315421547726,381147916740,497096dcce,58be2fa9c4,0000000000d3dac313,0
511,deterministic_random,-528801353391,-376383891907,84e0fbb151,a85dc5963d,000000000167aaf17a,0
512,deterministic_random,355332902732,-278768499924,52bb7dcf4c,bf181a432c,fffffffffeb9b06373,0
513,deterministic_random,-247719850782,321637083100,c652bf0ce2,4ae31067dc,ffffffffff3ad532a5,0
514,deterministic_random,-340401837153,-93712251327,b0be782b9f,ea2e508641,0000000003a1e5fbf7,0
515,deterministic_random,-3535142590,79359649268,ff2d4a0142,127a3425f4,fffffffffff498a4bf,0
516,deterministic_random,-116284514033,-412194375993,e4ece7210f,a0074cf6c7,000000000048386b01,0
517,deterministic_random,18298596110,0,0442ae6b0e,0000000000,000000000000000000,1
518,deterministic_random,-338176508194,429145011498,b1431bfede,63eb09352a,ffffffffff3644117f,0
519,deterministic_random,-503273046890,-297603209377,8ad296bc96,bab577675f,0000000001b0eb1b1c,0
520,deterministic_random,-13407690518,420575640515,fce0d6e0ea,61ec42fbc3,fffffffffff7d6c0c3,0
521,deterministic_random,-73070985181,148355434903,eefca14023,228aac4997,ffffffffff81e8e61d,0
522,deterministic_random,543260180657,476029811854,7e7cd480b1,6ed5967c8e,00000000012427be21,0
523,deterministic_random,-170230423323,188184715150,d85d79e0e5,2bd0aedf8e,ffffffffff186ca576,0
524,deterministic_random,367536951976,115551067352,5592e8d2a8,1ae7615cd8,00000000032e447016,0
525,deterministic_random,-335735852056,-426042964636,b1d49573e8,9ccddc4564,0000000000c9bc855b,0
526,deterministic_random,-110298104013,537411906728,e651b87f33,7d203eeca8,ffffffffffcb756e0b,0
527,deterministic_random,-99420624319,502944454421,e8da11aa41,7519d35715,ffffffffffcd6507d3,0
528,deterministic_random,-79246893089,-306590020384,ed8c845fdf,b89dcf8ce0,0000000000422ba3af,0
529,deterministic_random,405465310963,366079513901,5e679da6f3,553c0a152d,00000000011b8ae4b0,0
530,deterministic_random,-250891549696,-288043028556,c595b2c400,bcef4c2fb4,0000000000defb3ccb,0
531,deterministic_random,-149233970578,-24485322076,dd40f6526e,fa4c8fa2a4,000000000618470882,0
532,deterministic_random,-373971067282,-263743839268,a8ed965e6e,c297a463dc,00000000016afda690,0
533,deterministic_random,455863683554,376858625035,6a2397c9e2,57be86440b,000000000135ab0a19,0
534,deterministic_random,164370808220,-282114163287,2645437d9c,be50af7da9,ffffffffff6ad8260b,0
535,deterministic_random,188643494894,69079164065,2bec074bee,10157064a1,0000000002bb17b6cc,0
536,deterministic_random,469662071344,98322829535,6d5a0a7a30,16e47f50df,0000000004c6d815c9,0
537,deterministic_random,325562685615,141329513979,4bcd0c58af,20e7e53dfb,00000000024db6e1fb,0
538,deterministic_random,382856519143,-505719646624,592406dde7,8a40c29660,ffffffffff3e31c82b,0
539,deterministic_random,489169828253,-145899180724,71e4cb399d,de07bb2d4c,fffffffffca5af52d9,0
540,deterministic_random,252431753339,342443520474,3ac61ae07b,4fbb3971da,0000000000bcb5c4e0,0
541,deterministic_random,-67487677206,-405758948715,f0496bc4ea,a186e1ca95,00000000002a943f03,0
542,deterministic_random,434650852819,268795194489,653335add3,3e95712c79,00000000019df5e97a,0
543,deterministic_random,462676908384,-260691862117,6bb9b15960,c34d8ddd9b,fffffffffe39a6753c,0
544,deterministic_random,-223817918337,-412912374928,cbe369987f,9fdc812b70,00000000008ac397c6,0
545,deterministic_random,-219661536899,-350194465893,ccdb26f17d,ae76c8839b,0000000000a093d757,0
546,deterministic_random,-355630489991,-65382940928,ad32c55e79,f0c6df7f00,0000000005706f0209,0
547,deterministic_random,10399196542,518568086838,026bd7257e,78bd110d36,000000000005223cdc,0
548,deterministic_random,-452327908305,-450859026822,96af27dc2f,9706b5367a,000000000100d58387,0
549,deterministic_random,-163514814329,-172616968185,d9edc1f087,d7cf3a1807,0000000000f2804376,0
550,deterministic_random,140003837979,-539061075161,2098e1081b,827d74c327,ffffffffffbd831fd6,0
551,deterministic_random,-451183652165,-347446036782,96f35bd2bb,af1a9a36d2,00000000014c6f34e0,0
552,deterministic_random,-129432066678,-365790056555,e1dd3f658a,aad536af95,00000000005a956bfd,0
553,deterministic_random,247752961823,366631537514,39af3a2f1f,555cf14b6a,0000000000acfe4185,0
554,deterministic_random,-22963574813,162356322179,faa743a7e3,25cd30df83,ffffffffffdbcaa141,0
555,deterministic_random,-373979858210,35787657362,a8ed103ade,08551c5092,fffffffff58cceed2e,0
556,deterministic_random,-71942613690,117110051461,ef3fe2d546,1b444d9285,ffffffffff62bc2ab7,0
557,deterministic_random,-110262562814,40017444891,e653d6d002,095139c01b,fffffffffd3ea091ef,0
558,deterministic_random,-130501685172,-299465121960,e19d7e504c,ba467cdf58,00000000006f8f7292,0
559,deterministic_random,301701554333,447835851512,463ed0609d,684518caf8,0000000000ac76cdea,0
560,deterministic_random,28601439613,266100582181,06a8c7557d,3df4d4a725,00000000001b840b03,0
561,deterministic_random,-310640805978,-219649977536,b7ac5d77a6,ccdbd75340,00000000016a0c88c3,0
562,deterministic_random,53018342941,525539500382,0c5823b61d,7a5c98615e,000000000019d382c9,0
563,deterministic_random,305359317884,-14614320947,4718d56b7c,fc98eb28cd,ffffffffeb1b004de2,0
564,deterministic_random,-159558008023,145524892698,dad99a0329,21e1f5a41a,fffffffffee7504bc7,0
565,deterministic_random,-77210698148,-283670013546,ee05e23e5c,bdf3f31996,000000000045ade917,0
566,deterministic_random,-121327333683,-280110626161,e3c053cecd,bec81b0a8f,00000000006ee25057,0
567,deterministic_random,-180566750567,-96437670703,d5f5620a99,e98bddecd1,0000000001df537845,0
568,deterministic_random,-358010633190,-190563365847,aca4e7441a,d3a189cc29,0000000001e0f23898,0
569,deterministic_random,-12593074280,-164179676857,fd1164ef98,d9c620f147,000000000013a2ceda,0
570,deterministic_random,-519365862206,-457490513138,871361dcc2,957b70c30e,0000000001229fb58f,0
571,deterministic_random,-28584716886,-56452037069,f95837d5aa,f2db324633,000000000081a06b0f,0
572,deterministic_random,-122536642448,-531844634797,e3783f3870,842b96e753,00000000003afb732a,0
573,deterministic_random,360966842529,-307246163516,540b4ce8a1,b876b399c4,fffffffffed33d4f76,0
574,deterministic_random,130751587172,116229951070,1e7166e364,1b0fd84e5e,00000000011ffbfe07,0
575,deterministic_random,265128341139,-370936320846,3dbae16e93,a9a278ecb2,ffffffffff4905dc3c,0
576,deterministic_random,463488215323,-213760530245,6bea0ce91b,ce3ae128bb,fffffffffdd4ecf8b4,0
577,deterministic_random,129203023267,-431743926340,1e1519ada3,9b7a0e7fbc,ffffffffffb363cc26,0
578,deterministic_random,419055675861,533683305809,6191aa29d5,7c4200fd51,0000000000c903cb2a,0
579,deterministic_random,-12439803118,-506783517452,fd1a87ab12,8a015934f4,00000000000648af4f,0
580,deterministic_random,319009235677,245782483896,4a466ea2dd,3939c713b8,00000000014c4558f5,0
581,deterministic_random,492192652664,338266033125,7298f7dd78,4ec23a0be5,0000000001747de5bd,0
582,deterministic_random,-317921291914,-366594573049,b5fa6a1176,aaa542bd07,0000000000de02b140,0
583,deterministic_random,297310195286,-110734371658,4539118e56,e637b794b6,fffffffffd50aab36c,0
584,deterministic_random,398447579701,389113697125,5cc5539235,5a98fbd365,000000000106240c3c,0
585,deterministic_random,-158893631517,-402877427208,db013397e3,a232a251f8,000000000064f732f2,0
586,deterministic_random,-436965514793,-261889437615,9a42d361d7,c3062c5051,0000000001ab239053,0
587,deterministic_random,-473499035028,118239038199,91c1421a6c,1b87988af7,fffffffffbfed31929,0
588,deterministic_random,101022522080,-244360948782,1785695ae0,c71af3d3d2,ffffffffff962a6c79,0
589,deterministic_random,-37838855350,287031380882,f730a0e34a,42d4674b92,ffffffffffde408059,0
590,deterministic_random,259938174668,-485046802648,3c8585c6cc,8f10f52728,ffffffffff76cf0ad7,0
591,deterministic_random,-292308852988,-432606962094,bbf108df04,9b469d9e52,0000000000acfa1e79,0
592,deterministic_random,-438276048118,333961213432,99f4b63b0a,4dc1a3b5f8,fffffffffeb0096d9d,0
593,deterministic_random,402638974336,-142891164087,5dbf272d80,debb05de49,fffffffffd2ea48b26,0
594,deterministic_random,452518779578,-513678163196,695c389aba,8866654304,ffffffffff1e7ad37a,0
595,deterministic_random,348209439062,110774739778,5112e66156,19cab06342,000000000324b5ef42,0
596,deterministic_random,286563665878,467630851455,42b88687d6,6ce0f8857f,00000000009ce06350,0
597,deterministic_random,-117925146181,-319105694544,e48b1d11bb,b5b3d184b0,00000000005e9ac113,0
598,deterministic_random,-273201554449,228787393434,c063eb1bef,3544ca939a,fffffffffece4d97ac,0
599,deterministic_random,-389248485912,267712556616,a55efb75e8,3e54e96e48,fffffffffe8bc80517,0
600,deterministic_random,506808861115,21234852346,76002981bb,04f1b221fa,0000000017dde957be,0
601,deterministic_random,17281939179,-33356291256,04061576eb,f83bcf6348,ffffffffff7b5db5eb,0
602,deterministic_random,-272961657750,-470002296748,c07237a46a,9291ae1854,000000000094ad1f7a,0
603,deterministic_random,208381253598,340707122460,30847d97de,4f53ba1d1c,00000000009c92bc90,0
604,deterministic_random,254514762516,8319825443,3b42431314,01efe67623,000000001e976344bf,0
605,deterministic_random,495128880027,-341365088241,7347fb239b,b0850e200f,fffffffffe8cb01928,0
606,deterministic_random,-187093287484,-127288574879,d4705efdc4,e25d027c61,00000000017847267c,0
607,deterministic_random,508488014538,74382617442,76643f5aca,11518cab62,0000000006d60b88a1,0
608,deterministic_random,246983284268,485943984031,398159d62c,712484bf9f,0000000000821cf9dd,0
609,deterministic_random,-258863749226,227202740672,c3ba84a796,34e656b1c0,fffffffffedc53784f,0
610,deterministic_random,346840985157,-500644527908,50c1556e45,8b6f42c0dc,ffffffffff4ea56289,0
611,deterministic_random,159244586890,-340710900505,2513b78f8a,b0ac0c3ce7,ffffffffff88592ed8,0
612,deterministic_random,-114958347817,495627405536,e53bf2d1d7,7365b208e0,ffffffffffc49f3ef8,0
613,deterministic_random,-497814726793,-73401031012,8c17ee1777,eee8f5269c,0000000006c839210f,0
614,deterministic_random,-93159757684,-2920437542,ea4f3ee88c,ff51eda8da,000000001fe6350877,0
615,deterministic_random,-270979826611,315490775459,c0e857fc4d,4974b731a3,ffffffffff241e21f2,0
616,deterministic_random,-79723520499,-330730655408,ed701b9e0d,b2feeab150,00000000003db5a15f,0
617,deterministic_random,-363502641475,-409032120496,ab5d8ddebd,a0c3c92750,0000000000e3812b6d,0
618,deterministic_random,-381895642148,-185992154123,a7153ef3dc,d4b200f3f5,00000000020da458e2,0
619,deterministic_random,49270569833,53026443158,0b78c13b69,0c589f4f96,0000000000edde1284,0
620,deterministic_random,-125269442220,-107983480986,e2d55c0154,e6dbaed766,000000000128fafb64,0
621,deterministic_random,-287846773941,344084891990,bcfafecb4b,501d0ec956,ffffffffff29d75f40,0
622,deterministic_random,183648236242,283737217181,2ac249b2d2,42100e589d,0000000000a5b204fe,0
623,deterministic_random,-96707914947,-231766186976,e97bc2533d,ca09a8a420,00000000006ad1e0d0,0
624,deterministic_random,-172786953955,310793911995,d7c518511d,485cc2bebb,ffffffffff71ad088b,0
625,deterministic_random,-58926862481,395100418478,f247af6f6f,5bfdd1f1ae,ffffffffffd9d1b2a8,0
626,deterministic_random,461711587718,-229107964337,6b8027b986,caa819e64f,fffffffffdfc181262,0
627,deterministic_random,378518464394,-38845949593,582175678a,f6f499d967,fffffffff64183420c,0
628,deterministic_random,91899191619,-231077776943,15659e6143,ca32b0f1d1,ffffffffff9a30752a,0
629,deterministic_random,-480589565404,145972260077,901aa13224,21fc9feced,fffffffffcb5298a57,0
630,deterministic_random,461778590967,322059624720,6b84261cf7,4afc3fe110,00000000016f0f733e,0
631,deterministic_random,-91654962910,-33864409172,eaa8f04122,f81d861fac,0000000002b4df008c,0
632,deterministic_random,488430348350,93336093426,71b8b7a83e,15bb43c2f2,00000000053ba7b18c,0
633,deterministic_random,-9670206816,-135151878802,fdbf9c5aa0,e08851fd6e,0000000000125124f7,0
634,deterministic_random,-493752777641,247294611475,8d0a0a8457,3993e85013,fffffffffe00ddaafc,0
635,deterministic_random,-89587597276,434445163797,eb2429c024,6526f31d15,ffffffffffcb35b8cd,0
636,deterministic_random,-537666971449,-185693910449,82d08d18c7,d4c3c7ca4f,0000000002e53c0c5e,0
637,deterministic_random,233157963584,-164356328425,36494c2f40,d9bb997417,fffffffffe94d5cd76,0
638,deterministic_random,74647204094,-303176692069,116151f0fe,b96942ce9b,ffffffffffc0f7ef0f,0
639,deterministic_random,377109393052,16430758303,57cd78ae9c,03d359799f,0000000016f390e482,0
640,deterministic_random,-516249205871,-89648926802,87cd264391,eb2081efae,0000000005c2315729,0
641,deterministic_random,-361158995626,288631420755,abe93f1156,4333c5f753,fffffffffebfac0d62,0
642,deterministic_random,287105242107,-76287931979,42d8ce53fb,ee3ce289b5,fffffffffc3c8f0902,0
643,deterministic_random,376237040725,406077777333,579979a455,5e8c1f25b5,0000000000ed3011b1,0
644,deterministic_random,56825119631,0,0d3b0a838f,0000000000,000000000000000000,1
645,deterministic_random,290673974950,76416394870,43ad84dea6,11cac5a676,0000000003cdc6f1e9,0
646,deterministic_random,509975731066,-133711797916,76bcec1b7a,e0de27e164,fffffffffc2f9e37f4,0
647,deterministic_random,-345606070834,-87701753788,af8845ddce,eb94917044,0000000003f0d18b08,0
648,deterministic_random,107915048085,29853505609,19203cf495,06f3685849,00000000039d64d758,0
649,deterministic_random,534562046066,-59040233333,7c76618072,f240ed888b,fffffffff6f21ffcb8,0
650,deterministic_random,395729429016,240625163133,5c234fe218,3806609b7d,0000000001a503c42f,0
651,deterministic_random,-497545604771,302615733229,8c27f8915d,46754da3ed,fffffffffe5b18ff41,0
652,deterministic_random,422533492844,527351805035,6260f5706c,7ac89df46b,0000000000cd1dd523,0
653,deterministic_random,-40033338794,252021078603,f6add3ba56,3aada07a4b,ffffffffffd755a930,0
654,deterministic_random,531598010313,319869376465,7bc5b5e7c9,4a79b357d1,0000000001a973bb54,0
655,deterministic_random,-520305781296,178108313038,86db5bd5d0,2978152dce,fffffffffd14266e75,0
656,deterministic_random,356965268199,-106705916193,531cc9bae7,e727d4eedf,fffffffffca7993616,0
657,deterministic_random,189565053324,233426091355,2c22f5298c,3659477d5b,0000000000cfe5b551,0
658,deterministic_random,-497361953903,-383330038123,8c32eadb91,a6bfbfce95,00000000014c2775e6,0
659,deterministic_random,279189478062,396758607390,4100fd5aae,5c60a7e61e,0000000000b4241ae7,0
660,deterministic_random,123730833520,-386757407220,1cceeeb070,a5f3764e0c,ffffffffffae19d2eb,0
661,deterministic_random,-518424974546,-141933616841,874b76ab2e,def418e137,0000000003a70ffbcb,0
662,deterministic_random,-225499798379,503195869677,cb7f2a2495,7528cfa1ed,ffffffffff8d470265,0
663,deterministic_random,299145249609,-276343186434,45a6724349,bfa8a99bfe,fffffffffeeae063fe,0
664,deterministic_random,462571828543,420027278262,6bb36df53f,61cb93a3b6,000000000119ee23b3,0
665,deterministic_random,281116552829,226707959881,4173da2e7d,34c8d8f049,00000000013d704259,0
666,deterministic_random,-226089113003,502630373490,cb5c09ea55,75071ad872,ffffffffff8cd920f0,0
667,deterministic_random,-514853632140,-414563880971,8820550774,9f7a112ff5,00000000013dee39a7,0
668,deterministic_random,301908885882,248173358417,464b2c017a,39c848ed51,0000000001376e2091,0
669,deterministic_random,-19244401684,279945402038,fb84f1bbec,412e0bd6b6,ffffffffffee66d4f4,0
670,deterministic_random,426674445826,-344531171050,6357c75e02,afc8578916,fffffffffec2f6e0b6,0
671,deterministic_random,150658582561,-62727457615,2313f38821,f16526f4b1,fffffffffd9923ded4,0
672,deterministic_random,467451115900,338860634845,6cd641f97c,4ee5aaf2dd,000000000161258878,0
673,deterministic_random,-487442640402,-15265467578,8e822791ee,fc721b7346,000000001fee5a49d1,0
674,deterministic_random,-6128254519,266740240396,fe92ba41c9,3e1af5100c,fffffffffffa1e55e9,0
675,deterministic_random,-429584746708,96070196281,9bfac0f72c,165e3adc39,fffffffffb874717f4,0
676,deterministic_random,312924726107,287586386190,48dbc4635b,42f57c010e,0000000001168e2c33,0
677,deterministic_random,340479136091,-4208072364,4f4623515b,ff052de954,ffffffffaf16cbed53,0
678,deterministic_random,-373943936993,-421896541720,a8ef34581f,9dc501a9e8,0000000000e2e733d7,0
679,deterministic_random,-16224001007,410930363446,fc38f96411,5fad5bbc36,fffffffffff5e49050,0
680,deterministic_random,-49740685575,-186372807388,f46b395ef9,d49b50a524,00000000004452c767,0
681,deterministic_random,-328360163326,36753573411,b38c358802,088eaf0623,fffffffff710deb5b9,0
682,deterministic_random,-523586024432,289860218458,8617d74c10,437d03ee5a,fffffffffe3193b86e,0
683,deterministic_random,88742240193,243248196202,14a9731fc1,38a2b8ea6a,00000000005d64f5d3,0
684,deterministic_random,545440127303,509216417821,7efec3d947,768fa9e81d,00000000011235fb04,0
685,deterministic_random,488675232577,-408248643660,71c7504b41,a0f27c0fb4,fffffffffecd912672,0
686,deterministic_random,-39071507946,80590752170,f6e7281a16,12c39549aa,ffffffffff83e33e56,0
687,deterministic_random,-512889371798,-966258918,889569436a,ffc6680f1a,0000000212cc9257fc,0
688,deterministic_random,508174198073,305267682597,76518ae539,47135f2d25,0000000001aa28b974,0
689,deterministic_random,-104442631474,129852735353,e7aebbeace,1e3bd37f79,ffffffffff321858e5,0
690,deterministic_random,538982327633,314350545466,7d7dd9a551,4930c0aa3a,0000000001b6ef602a,0
691,deterministic_random,419685358741,-99494597381,61b7325c95,e8d5a8ecfb,fffffffffbc825db83,0
692,deterministic_random,-147853217233,-287457643122,dd9342f22f,bd1230758e,000000000083ac4cc7,0
693,deterministic_random,-259997307878,-387699002012,c376f3ec1a,a5bb56b564,0000000000abad8426,0
694,deterministic_random,495686422154,-480754167954,7369368e8a,9010d18f6e,fffffffffef80c72a2,0
695,deterministic_random,-249252273962,-138703545199,c5f76820d6,dfb49fdc91,0000000001cc092375,0
696,deterministic_random,-225477514867,-306299051960,cb807e298d,b8af276048,0000000000bc735b4f,0
697,deterministic_random,-80310105530,-280743435700,ed4d250a46,bea263224c,0000000000493b608e,0
698,deterministic_random,-306871213005,311034017446,b88d0ce433,486b1276a6,ffffffffff036d1e39,0
699,deterministic_random,-146487856823,410780342991,dde4a4b149,5fa46a9acf,ffffffffffa4b54a4b,0
700,deterministic_random,-47164442877,-499591538842,f504c7b703,8bae061766,0000000000182afdfd,0
701,deterministic_random,-82433891508,-371755358356,ecce8ea34c,a971a7676c,000000000038c41a9d,0
702,deterministic_random,53453645585,-61941349584,0c7215e711,f194020330,ffffffffff231445a4,0
703,deterministic_random,-52460982125,-477508900450,f3c914f093,90d240699e,00000000001c200a1a,0
704,deterministic_random,541247834114,76689484864,7e04e28802,11db0cac40,00000000070ec26639,0
705,deterministic_random,-241249571313,-535852661195,c7d467ae0f,833cb14635,000000000073415f23,0
706,deterministic_random,252385171608,453960479073,3ac3541898,69b2273161,00000000008e539530,0
707,deterministic_random,418374571493,240704422693,61691155e5,380b1a0325,0000000001bcf5d047,0
708,deterministic_random,-255002728798,-284371982156,c4a0a726a2,bdca1be8b4,0000000000e58f998b,0
709,deterministic_random,117559039433,259815439079,1b5f1095c9,3c7e34fae7,000000000073d52960,0
710,deterministic_random,9697554878,389714404443,024204f1be,5abcc9e45b,0000000000065ec802,0
711,deterministic_random,-408620592072,22696074591,a0dc509438,0548ca9d5f,ffffffffedfef8834d,0
712,deterministic_random,293364584157,-116229794064,444de44edd,e4f02a16f0,fffffffffd79dace87,0
713,deterministic_random,-436464700734,-213274965016,9a60ad32c2,ce57d24be8,00000000020be6a6b0,0
714,deterministic_random,273470901373,441114434707,3fac22cc7d,66b4781c93,00000000009eb5576a,0
715,deterministic_random,-313037352344,182731981387,b71d851268,2a8bacc24b,fffffffffe4972912d,0
716,deterministic_random,72305560165,410048840718,10d5bf4a65,5f78d0c40e,00000000002d2439ee,0
717,deterministic_random,362017471891,-174538570966,5449ec3d93,d75cb0c32a,fffffffffded052555,0
718,deterministic_random,-441481451831,-109689383143,9935a7a6c9,e67600d719,0000000004065b7509,0
719,deterministic_random,501546105405,-361488065211,74c67a3a3d,abd5a1dd45,fffffffffe9cd02b5d,0
720,deterministic_random,-477285278944,226531718193,90df949b20,34be57b431,fffffffffde4a094ba,0
721,deterministic_random,320740640281,-316055085945,4aada1c619,b669a61c87,fffffffffefc346bc6,0
722,deterministic_random,132554817747,-275578372403,1edce200d3,bfd63fbecd,ffffffffff84dccc71,0
723,deterministic_random,-160065645367,-470095949719,dabb5814c9,928c191069,0000000000572ab9c2,0
724,deterministic_random,-119724251523,43277304507,e41fe0e67d,0a138742bb,fffffffffd3bca4ec2,0
725,deterministic_random,-135379200450,518629505914,e07ac5563e,78c0ba3b7a,ffffffffffbd2cf7f1,0
726,deterministic_random,-108233970730,-546258964512,e6ccc0abd6,80d06dafe0,000000000032b916e5,0
727,deterministic_random,483843976843,85037973597,70a7592e8b,13cca8805d,0000000005b092d04f,0
728,deterministic_random,343936282856,230304285800,50143330e8,359f348468,00000000017e4f6c5b,0
729,deterministic_random,227540348742,-387467897553,34fa762f46,a5c91d152f,ffffffffff69aa0371,0
730,deterministic_random,489175933486,-37536644341,71e528622e,f742a4430b,fffffffff2f7d1ab2d,0
731,deterministic_random,64930765482,10997108013,0f1e2cdaaa,028f7a8d2d,0000000005e7836d3b,0
732,deterministic_random,151958034602,-297010191602,23616798aa,bad8d0230e,ffffffffff7d0619d5,0
733,deterministic_random,-180699749970,-53874591284,d5ed74a1ae,f374d2f9cc,00000000035aa50f96,0
734,deterministic_random,-504700135719,-320353338362,8a7d8716d9,b56973fc06,000000000193509521,0
735,deterministic_random,168902281016,-362822259154,27535c4738,ab861bae2e,ffffffffff88d37402,0
736,deterministic_random,-419316220207,548455583157,9e5ece3ed1,7fb2800db5,ffffffffff3c471ba0,0
737,deterministic_random,-409717071771,-320956963112,a09af5a065,b5457966d8,000000000146cbdee2,0
738,deterministic_random,283032413039,-86618369650,41e60be36f,ebd524918e,fffffffffcbb7fe826,0
739,deterministic_random,289232539169,-357540083192,43579a4e21,acc0f34a08,ffffffffff30e8902d,0
740,deterministic_random,71328272225,279684061847,109b7f0f61,411e781a97,00000000004149c025,0
741,deterministic_random,-173801437211,398532904436,d788a087e5,5cca6985f4,ffffffffff905b8c01,0
742,deterministic_random,533131529596,-265502681105,7c211d8d7c,c22ece97ef,fffffffffdfdf32eab,0
743,deterministic_random,507257752005,343803598169,761aeb09c5,500c4a9559,000000000179b5b4bb,0
744,deterministic_random,375664467521,-147806989674,577758de41,dd96045296,fffffffffd755a7d91,0
745,deterministic_random,-319863157637,101936829150,b586ab8c7b,17bbe892de,fffffffffcdcb56d23,0
746,deterministic_random,154624801719,101175532900,24005b3bb7,178e881d64,0000000001873d8680,0
747,deterministic_random,536464512685,174045767920,7ce7c6d6ad,2885efa8f0,00000000031512d56a,0
748,deterministic_random,-452437848526,-162610998842,96a89a4e32,da23a111c6,0000000002c846ef70,0
749,deterministic_random,-112288291839,-475020638643,e5db18a401,916690464d,00000000003c83cd36,0
750,deterministic_random,-170194244528,-71356946265,d85fa1ec50,ef62cb68a7,00000000026296a418,0
751,deterministic_random,-208771521972,-233403188440,cf643f624c,c9a815fb28,0000000000e4fbcf41,0
752,deterministic_random,37193830104,-323446165757,08a8ecced8,b4b11b2f03,ffffffffffe28fdcbe,0
753,deterministic_random,-85895826399,34698397375,ec0035b421,08142f86bf,fffffffffd8645bd04,0
754,deterministic_random,-132906804593,506143877653,e10e231a8f,75d886aa15,ffffffffffbcc7191c,0
755,deterministic_random,164576549922,340125251124,265186dc22,4f310b7634,00000000007bdeeea4,0
756,deterministic_random,-216577945525,375928434605,cd92f2d04b,578714afad,ffffffffff6c83bd16,0
757,deterministic_random,506492298026,95514344911,75ed4b232a,163d193dcf,00000000054d837f77,0
758,deterministic_random,-325623637947,-81871507507,b42f519845,ecf013efcd,0000000003fa2d3430,0
759,deterministic_random,-434198589970,539417337230,9ae7bf4dee,7d97c75d8e,ffffffffff31ef73cc,0
760,deterministic_random,-140047654239,343687917295,df648262a1,5005656eef,ffffffffff97af10f5,0
761,deterministic_random,-177815811177,295024844744,d6995a0b97,44b0d9dfc8,ffffffffff65b47d45,0
762,deterministic_random,-538489805459,-385702149885,829f81a56d,a6325c4103,00000000016568af37,0
763,deterministic_random,-375995363551,-258581001787,a874ee0f21,c3cb5f09c5,0000000001743e0e05,0
764,deterministic_random,-533889653032,-239658802682,83b1b266d8,c83338e206,00000000023a4b05c6,0
765,deterministic_random,-265611059492,414424510889,c22858dedc,607da031a9,ffffffffff5becf78f,0
766,deterministic_random,-242796904329,415948066334,c7782d4077,60d86fce1e,ffffffffff6a915f9e,0
767,deterministic_random,460385389053,-132864014059,6b311b89fd,e110b00915,fffffffffc88f00c45,0
768,deterministic_random,113996890530,532004505543,1a8abe81a2,7bddf087c7,000000000036daed35,0
769,deterministic_random,393632249147,-213973921962,5ba64f753b,ce2e290f56,fffffffffe290e30ef,0
770,deterministic_random,128777638198,-256921636384,1dfbbed136,c42e46f1e0,ffffffffff7faf2f5e,0
771,deterministic_random,-279681427285,0,bee1b018ab,0000000000,000000000000000000,1
772,deterministic_random,-332902676830,63425635083,b27d7446a2,0ec476630b,fffffffffac054a1f6,0
773,deterministic_random,166455426556,-217077643558,26c1843dfc,cd752a06da,ffffffffff3bb2e866,0
774,deterministic_random,-377201015848,-94220973745,a82d1143d8,ea0ffe094f,000000000400dc9350,0
775,deterministic_random,-409998828002,-518474336839,a08a2a5e1e,87488575b9,0000000000ca7084e6,0
776,deterministic_random,-427887881808,64905629032,9c5fe511b0,0f1cad4d68,fffffffff968546bf1,0
777,deterministic_random,409934228121,444578031123,5f71fbea99,6782ea6613,0000000000ec0d192f,0
778,deterministic_random,76750306656,29635509511,11deacbd60,06e669fd07,000000000296fdb786,0
779,deterministic_random,464828462484,-53935633603,6c39ef7594,f3712f8b3d,fffffffff761bd2d52,0
780,deterministic_random,26404780000,121129577682,0625d8f7e0,1c33e2acd2,000000000037ce0dc5,0
781,deterministic_random,345305471288,283768531068,5065cf5938,4211ec287c,00000000013783e1d3,0
782,deterministic_random,337974166986,-204961676781,4eb0d485ca,d047550213,fffffffffe59dd9408,0
783,deterministic_random,107834821119,214892674354,191b74c9ff,320899fd32,0000000000807679ed,0
784,deterministic_random,-102810958009,112439236554,e80ffd4747,1a2de697ca,ffffffffff15ebe8ee,0
785,deterministic_random,272575146954,478628792454,3f76beabca,6f707fc886,000000000091ca360b,0
786,deterministic_random,-452710051279,290164634815,969860d231,438f28f4bf,fffffffffe7097d1d3,0
787,deterministic_random,410845424079,197901969294,5fa84ba9cf,2e13e0678e,000000000213750bc0,0
788,deterministic_random,58015938924,337022882619,0d8204f96c,4e7821133b,00000000002c1186c7,0
789,deterministic_random,-512438090908,-23388555838,88b04f4364,fa8deef5c2,0000000015e8e747c7,0
790,deterministic_random,186306874047,-45624652907,2b60c14abf,f5608f0b95,fffffffffbeaa1bfd7,0
791,deterministic_random,-472835269400,-354257465381,91e8d25ce8,ad849c0fdb,000000000155b05908,0
792,deterministic_random,458401007694,31221040100,6abad4484e,0744eb43e4,000000000eaeb44da0,0
793,deterministic_random,-367068553515,-60223108274,aa89025ed5,f1fa6c4b4e,0000000006185b6598,0
794,deterministic_random,-520457963992,426242114355,86d249b628,633e028333,fffffffffec76a0804,0
795,deterministic_random,327579321923,-149050810452,4c453fc643,dd4be11fac,fffffffffdcd5efabf,0
796,deterministic_random,539614899646,269099625207,7da38dedbe,3ea7966af7,00000000020158c3b4,0
797,deterministic_random,147869934581,-36616225009,226dbc23f5,f77980bf0f,fffffffffbf62d4227,0
798,deterministic_random,-191918680401,-367840182992,d350c156af,aa5b043d30,000000000085911030,0
799,deterministic_random,345612752536,-226147306773,5078201698,cb5891f2eb,fffffffffe78c3b35f,0
800,deterministic_random,-533493182295,338155111962,83c95410a9,4ebb9d861a,fffffffffe6c1e97c0,0
801,deterministic_random,115987039138,421314407095,1b015dc3a2,62184baab7,00000000004679ef07,0
802,deterministic_random,543489480741,-404857200891,7e8a7f5825,a1bca15f05,fffffffffea856fd10,0
803,deterministic_random,-532669664278,-187510620273,83fa69f3ea,d4577eff8f,0000000002d73aff39,0
804,deterministic_random,-263504949049,-61988620869,c2a5e190c7,f19130b5bb,000000000440385c72,0
805,deterministic_random,397952357431,-361142387467,5ca7cf1437,abea3c7cf5,fffffffffee5e8258a,0
806,deterministic_random,102822377797,356082805265,17f0b0f945,52e8306a11,000000000049ec2882,0
807,deterministic_random,170423256066,-207594222498,27ae048402,cfaa6b8c5e,ffffffffff2dd69b32,0
808,deterministic_random,341307193949,11833026268,4f777e7a5d,02c14da6dc,000000001cd7f6d1fe,0
809,deterministic_random,-353240983351,54955213382,adc13258c9,0ccb960246,fffffffff9927bdce4,0
810,deterministic_random,288471057028,-326282162656,432a370284,b408114e20,ffffffffff1daa9e64,0
811,deterministic_random,-79997189672,-173031105858,ed5fcbc1d8,d7b68adabe,0000000000765b26fb,0
812,deterministic_random,-511722941268,255091310146,88daef94ac,3b64a07e42,fffffffffdfe7445ee,0
813,deterministic_random,398686199590,-41448973244,5cd38c9f26,f65972dc44,fffffffff6619b5b9f,0
814,deterministic_random,-398470657817,401669501786,a3394c48e7,5d855e335a,ffffffffff0209eb94,0
815,deterministic_random,-322476446368,45300729948,b4eae7ed60,0a8c22485c,fffffffff8e1a55ab1,0
816,deterministic_random,323013537220,547597374658,4b351b6dc4,7f7f58d4c2,00000000009701fe11,0
817,deterministic_random,-377855718443,159804068967,a8060b4bd5,2535109467,fffffffffda2b08a08,0
818,deterministic_random,-444079112888,-380889710801,989ad27d48,a751343f2f,00000000012a786349,0
819,deterministic_random,-248655209940,63477342924,c61afe9a2c,0ec78b62cc,fffffffffc15308fb9,0
820,deterministic_random,-436138043835,-440531806968,9a74259645,996e421508,0000000000fd725be6,0
821,deterministic_random,77226298289,-118401055074,11fb0bcbb1,e46ebf469e,ffffffffff590694ca,0
822,deterministic_random,-192494473035,173964964699,d32e6f70b5,28811eb35b,fffffffffee4bb9282,0
823,deterministic_random,464699594757,318544055309,6c32411805,4a2ab48c0d,000000000175757721,0
824,deterministic_random,449746749801,-23963622486,68b6fec969,fa6ba823aa,ffffffffed3b6b3c4e,0
825,deterministic_random,-47156816375,-336748172894,f5053c1609,b1983ea9a2,000000000023d963b1,0
826,deterministic_random,-62101213444,-464098726852,f18a7aaefc,93f18f6c3c,000000000022416529,0
827,deterministic_random,74426091774,-431925532702,11542408fe,9b6f3b67e2,ffffffffffd3e356f1,0
828,deterministic_random,406159686634,-167233371263,5e9100fbea,d9101d4381,fffffffffd9240b7b7,0
829,deterministic_random,386987730526,-159610469304,5a1a44265e,dad6798448,fffffffffd934efaec,0
830,deterministic_random,-408229703729,147242541981,a0f39d0fcf,224856e39d,fffffffffd3a3d8c6f,0
831,deterministic_random,-299274250330,452109455025,ba51dd57a6,6943d2ceb1,ffffffffff568a6327,0
832,deterministic_random,436524115635,-453460805536,65a2dd66b3,966ba13860,ffffffffff098fc262,0
833,deterministic_random,-286792843519,-104887067848,bd39d07f01,e7943e5b38,0000000002bbfb2b21,0
834,deterministic_random,378524260934,100666235027,5821cdda46,17702cd893,0000000003c29bdef0,0
835,deterministic_random,214115060384,-12578943823,31da408aa0,fd123c8cb1,ffffffffeefa7198a4,0
836,deterministic_random,412368608270,210223352169,6003159c0e,30f249c969,0000000001f629b26d,0
837,deterministic_random,-407129242034,230964644225,a13534c64e,35c690c981,fffffffffe3cbd7624,0
838,deterministic_random,434587976496,-295814300960,652f764330,bb2017fae0,fffffffffe87e7785d,0
839,deterministic_random,-386821516595,-498632378174,a5efa412cd,8be731b8c2,0000000000c69887f4,0
840,deterministic_random,197676316572,-451821538511,2e066d379c,96cd567331,ffffffffff8fff5cdc,0
841,deterministic_random,-509009142139,-396069021600,897cb0de85,a3c8725860,000000000148ffc328,0
842,deterministic_random,-511439475796,512030714540,88ebd4ebac,773768aaac,ffffffffff004bac8d,0
843,deterministic_random,-330087372105,-379412360460,b325426ab7,a7a942d2f4,0000000000deb814d5,0
844,deterministic_random,423565203748,-139061484061,629e741924,df9f4a25e3,fffffffffcf440eba7,0
845,deterministic_random,-486170473879,428908012401,8ecdfb4a69,63dce8e371,fffffffffeddd272db,0
846,deterministic_random,85146171461,-4807474016,13d31b7845,fee173c4a0,ffffffffee49ee4886,0
847,deterministic_random,415297021692,-76419586522,60b1a1a6fc,ee3509a626,fffffffffa90c915ee,0
848,deterministic_random,288948389296,-208982474295,4346aa85b0,cf57ac81c9,fffffffffe9e0b08f2,0
849,deterministic_random,481885449198,499572943119,70329c6bee,7450de290f,0000000000f6efaed8,0
850,deterministic_random,-211746978997,-67879452562,ceb2e5834b,f03211c06e,00000000031e94ae6f,0
851,deterministic_random,-380088331349,226084475998,a780f853ab,34a3af545e,fffffffffe519e4b50,0
852,deterministic_random,41709914669,-271862115742,09b61aca2d,c0b3c15262,ffffffffffd8b9445f,0
853,deterministic_random,-220102850834,-413297246549,ccc0d906ee,9fc5907eab,000000000088556b4d,0
854,deterministic_random,-428558723602,-254470683723,9c37e8d5ee,c4c05d83b5,0000000001af225fb8,0
855,deterministic_random,534727425724,-403074671676,7c803cfebc,a226e09bc4,fffffffffeac628cb3,0
856,deterministic_random,405120524576,-393392512563,5e5310a120,a467faa1cd,fffffffffef85e3558,0
857,deterministic_random,-336891883418,189151335748,b18fadd066,2c0a4c5544,fffffffffe380bc1cd,0
858,deterministic_random,-422639552704,350164795555,9d98b83740,518772c0a3,fffffffffecb03cc89,0
859,deterministic_random,-176739596205,-221379413922,d6d97fc853,cc74c2385e,0000000000cc611007,0
860,deterministic_random,39506312810,-213939331182,0932c27e6a,ce3038df92,ffffffffffd0ba09a8,0
861,deterministic_random,-74419175671,-207776449837,eeac457f09,cf9f8efad3,00000000005bb0fe24,0
862,deterministic_random,387227550641,306808944676,5a288f83b1,476f3cf824,00000000014319d60a,0
863,deterministic_random,241764426165,-101892391535,384a4861b5,e846bd7d91,fffffffffda093ef8b,0
864,deterministic_random,-121822319671,-330042566999,e3a2d2ebc9,b327ee16a9,00000000005e7e0dd8,0
865,deterministic_random,535114010666,498337169053,7c9747d02a,740735be9d,000000000112e47fae,0
866,deterministic_random,533327067733,-353378540895,7c2cc53a55,adb8ff62a1,fffffffffe7da38d8c,0
867,deterministic_random,35973437092,67984191490,08602f16a4,0fd42c7002,00000000008775fdab,0
868,deterministic_random,-299292244216,-93475313221,ba50cac708,ea3c6fe9bb,000000000333ab4230,0
869,deterministic_random,-219107440489,251517484332,ccfc2dc897,3a8f9c3d2c,ffffffffff20fcd6c2,0
870,deterministic_random,-144109683021,-125145711093,de7264beb3,e2dcbbfe0b,000000000126cb01a7,0
871,deterministic_random,398836239398,190979125919,5cdc7e0c26,2c773e329f,0000000002169fd0ad,0
872,deterministic_random,530969852266,178322723388,7ba044f96a,2984dcd23c,0000000002fa42907b,0
873,deterministic_random,-171599872108,-521966429591,d80bd9bf94,8678605a69,000000000054296350,0
874,deterministic_random,-128973155953,-89589330131,e1f899d18f,eb240f4f2d,00000000017089e2e0,0
875,deterministic_random,-156598843738,-502985292794,db89fb46a6,8ae3bd8406,00000000004fb3e681,0
876,deterministic_random,450646146829,-397356969264,68ec9a7f0d,a37badd2d0,fffffffffeddab06ff,0
877,deterministic_random,-353280773538,240114532331,adbed3325e,37e7f0ffeb,fffffffffe8758cfc9,0
878,deterministic_random,450073356202,-157774404861,68ca7667aa,db43e9a303,fffffffffd25b97a2a,0
879,deterministic_random,310510440198,140200001059,484bdd4f06,20a4923e23,000000000236fb04d9,0
880,deterministic_random,-504352391517,-37812335435,8a92413ea3,f732358cb5,000000000d569b086f,0
881,deterministic_random,-112865589497,237122879746,e5b8afc707,3735a00102,ffffffffff862637f7,0
882,deterministic_random,-273780731950,250063488827,c041658fd2,3a38f2073b,fffffffffee7b83edc,0
883,deterministic_random,299817899975,-364626226586,45ce8a17c7,ab1a955266,ffffffffff2d804ec7,0
884,deterministic_random,-379210324502,148962652722,a7b54da5ea,22aeddb232,fffffffffd744eb889,0
885,deterministic_random,127333767436,-195799493309,1da5af190c,d26970d543,ffffffffff5984256c,0
886,deterministic_random,39181720605,169669864230,091f699c1d,27811cab26,00000000003b1e2c89,0
887,deterministic_random,119308812812,-529704163732,1bc75c020c,84ab2be66c,ffffffffffc656e364,0
888,deterministic_random,423291853665,-474687909220,628e291b61,917a65529c,ffffffffff1bb7cd92,0
889,deterministic_random,248623969511,-326402457799,39e324b4e7,b400e5bf39,ffffffffff3d009532,0
890,deterministic_random,-278583826559,126123220388,bf231c2781,1d5d879da4,fffffffffdca8a9935,0
891,deterministic_random,212864113244,227673318766,318fb09a5c,350263256e,0000000000ef5927a7,0
892,deterministic_random,-12196873412,-97707795433,fd29027b3c,e940295c17,00000000001ff4dd79,0
893,deterministic_random,386968926780,-64967414841,5a19253a3c,f0dfa3ebc7,fffffffffa0b2c60f2,0
894,deterministic_random,-304285306906,247539005593,b9272eafe6,39a2797899,fffffffffec55067d9,0
895,deterministic_random,-75285773293,-444833018999,ee789e4413,986de2cb89,00000000002b53a443,0
896,deterministic_random,340287664965,-435756212323,4f3ab9b345,9a8ae7df9d,ffffffffff381616ed,0
897,deterministic_random,409330819312,152767102035,5f4e04a0f0,2391a0fc53,0000000002adf00271,0
898,deterministic_random,306230007132,0,474cbb155c,0000000000,000000000000000000,1
899,deterministic_random,-296198985955,411309261227,bb092a271d,5fc3f141ab,ffffffffff47a51b49,0
900,deterministic_random,-301582331761,-108347250367,b9c84ad08f,e6c6002941,0000000002c89219f0,0
901,deterministic_random,-527316910753,-417311984769,8539767d5f,9ed644737f,0000000001437b85e9,0
902,deterministic_random,41987866577,50366558919,09c6abffd1,0bba14b2c7,0000000000d569ce6a,0
903,deterministic_random,393784752529,-325625860487,5baf667991,b42f2fae79,fffffffffeca6a3a7f,0
904,deterministic_random,394017135917,-324410661073,5bbd405d2d,b4779e272f,fffffffffec91268c8,0
905,deterministic_random,-137397817912,-90959957691,e00273adc8,ead25d3145,000000000182b2258e,0
906,deterministic_random,110726708252,53036492859,19c7d37c1c,0c5938a83b,00000000021676800a,0
907,deterministic_random,-6476858172,-337701219058,fe7df2fcc4,b15f70550e,000000000004e8ee86,0
908,deterministic_random,462286871687,205230429349,6ba271dc87,2fc8afd4a5,000000000240a58ab9,0
909,deterministic_random,216385712647,-122962335765,326197f207,e35edfa7eb,fffffffffe3d7f8ffb,0
910,deterministic_random,-366623546615,-176219727489,aaa388a309,d6f87c597f,0000000002149b0de6,0
911,deterministic_random,-277580992001,154132124786,bf5ee231ff,23e2fd9472,fffffffffe32f6537e,0
912,deterministic_random,-181937222164,-483919708569,d5a3b24dec,8f54233e67,0000000000603f4a1c,0
913,deterministic_random,30888003454,270090797684,073111877e,3ee2aa8274,00000000001d46cc80,0
914,deterministic_random,-371517632847,60088766602,a97fd2ceb1,0dfd91d08a,fffffffff9d13323ae,0
915,deterministic_random,324458248937,-260815852759,4b8b37fae9,c34629eb29,fffffffffec1886136,0
916,deterministic_random,-348752634751,161822335712,aeccb91c81,25ad5ce2e0,fffffffffdd84797a1,0
917,deterministic_random,50795161102,47922658862,0bd3a0a60e,0b2869be2e,00000000010f5840a7,0
918,deterministic_random,-390139250352,246577769419,a529e37950,39692e2bcb,fffffffffe6af3e73f,0
919,deterministic_random,192827278593,336393316677,2ce566c501,4e529aa945,000000000092be86d9,0
920,deterministic_random,-386123093002,-292348658905,a619452bf6,bbeea97b27,0000000001521d7aba,0
921,deterministic_random,-227721781332,-284923820250,cafab95fac,bda9378726,0000000000cc9ad2f8,0
922,deterministic_random,-91309330721,169282948851,eabd8a2edf,276a0ccef3,ffffffffff75ea9d31,0
923,deterministic_random,305474122406,-491092628020,471fad32a6,8da8992dcc,ffffffffff60c2ac05,0
924,deterministic_random,141684617213,536591872128,20fd0faffd,7cef5e3080,000000000043987ac3,0
925,deterministic_random,-178017711178,-174072920829,d68d514bb6,d778720503,000000000105cd286f,0
926,deterministic_random,-384982554816,-4863209242,a65d406740,fede2150e6,000000004f2988cc59,0
927,deterministic_random,-133030363008,-109716057080,e106c5c080,e67469d408,000000000136662fee,0
928,deterministic_random,-375379594686,266324206264,a899a1f242,3e0228e2b8,fffffffffe972c1598,0
929,deterministic_random,-347293205931,-205014834950,af23b63a55,d04429e0fa,0000000001b1a95e6b,0
930,deterministic_random,-323081953794,252575548807,b4c6d09dfe,3acead0587,fffffffffeb889a41a,0
931,deterministic_random,495820938193,-123828344856,73713b1bd1,e32b4167e8,fffffffffbfef36009,0
932,deterministic_random,481119515191,-158965022034,7004f53237,dafcf242ae,fffffffffcf9326661,0
933,deterministic_random,-91794473882,329100556008,eaa09f7c66,4c9febf6e8,ffffffffffb89859dd,0
934,deterministic_random,-331714688226,480044275747,b2c4438b1e,6fc4de5823,ffffffffff4f1a10ac,0
935,deterministic_random,-112326864080,309112470589,e5d8cc1330,47f889fc3d,ffffffffffa2f931cb,0
936,deterministic_random,199055727066,-371219374924,2e58a559da,a99199dcb4,ffffffffff76ba33d2,0
937,deterministic_random,530719786471,-213968759189,7b915d45e7,ce2e77d66b,fffffffffd85070e1a,0
938,deterministic_random,74483942982,430389849907,115796c646,64353bef33,00000000002c4dc356,0
939,deterministic_random,-29421824366,422167083889,f926529692,624b1e7b71,ffffffffffee28a411,0
940,deterministic_random,366853815384,-139583076513,556a30fc58,df8033475f,fffffffffd5f2d8bc2,0
941,deterministic_random,-51446835776,-219456560018,f4058795c0,cce75ea46e,00000000003c037ecc,0
942,deterministic_random,-520031767097,-115457129760,86ebb0f5c7,e51e3802e0,0000000004810d70ca,0
943,deterministic_random,-19146134807,467020052539,fb8acd2ae9,6cbc90783b,fffffffffff58142c3,0
944,deterministic_random,-278590070543,335544736555,bf22bce0f1,4e20065b2b,ffffffffff2b73f1c4,0
945,deterministic_random,517831378459,-90792612440,789127c61b,eadc56ada8,fffffffffa4bea84a6,0
946,deterministic_random,258181112654,328208999541,3c1ccb234e,4c6ac7e475,0000000000c960ff19,0
947,deterministic_random,-378159522471,296147869096,a7f3ef9d59,44f3c9dda8,fffffffffeb91b3e35,0
948,deterministic_random,-177591853438,-9612724746,d6a6b35e82,fdc30975f6,000000001279838957,0
949,deterministic_random,518790255432,-180884412494,78ca4f1348,d5e272e7b2,fffffffffd21c5c439,0
950,deterministic_random,-317878454682,-35105244029,b5fcf7b666,f7d3907c83,00000000090e155b80,0
951,deterministic_random,-464416596305,218338179987,93de9d1eaf,32d5f83b93,fffffffffddf798a3c,0
952,deterministic_random,-280991405648,-197608093651,be939b69b0,d1fda3c82d,00000000016c05c512,0
953,deterministic_random,195545678047,51381155820,2d876e40df,0bf68e37ec,0000000003ce47fbff,0
954,deterministic_random,546143179443,232514828731,7f28ab92b3,3622f6b9bb,0000000002594e700a,0
955,deterministic_random,60285717260,258548973222,0e094f0b0c,3c32b83ea6,00000000003bb0fded,0
956,deterministic_random,414842140351,175135407414,609684b6bf,28c6e23d36,00000000025e62b63e,0
957,deterministic_random,417177430389,-318693124391,6121b66975,b5cc68d6d9,fffffffffeb0e3b43b,0
958,deterministic_random,-315793841471,197759029842,b6793862c1,2e0b5b5252,fffffffffe67341091,0
959,deterministic_random,500097842563,-97971666736,7470277d83,e9306f00d0,fffffffffae53e813f,0
960,deterministic_random,274262586839,-32423608970,3fdb52f5d7,f87366fd76,fffffffff78a909aa9,0
961,deterministic_random,-294865456990,-517735433789,bb58a630a2,87749039c3,000000000091ccaab8,0
962,deterministic_random,-165777875863,189196085542,d966de5c69,2c0cf72926,ffffffffff1fafe113,0
963,deterministic_random,-41471220932,-187727561171,f6581f633c,d44a90be2d,0000000000388dabde,0
964,deterministic_random,-518990799045,-495831091343,8729bcdf3b,8c8e29f771,00000000010bf51cb9,0
965,deterministic_random,-234465590637,-70798433441,c968c30293,ef8415a35f,00000000034fcdcf5e,0
966,deterministic_random,-524165031422,388623637281,85f5545a02,5a7bc61b21,fffffffffea6b6d1ac,0
967,deterministic_random,375742009902,202747374138,577bf8122e,2f34af6a3a,0000000001da6ebbdc,0
968,deterministic_random,-265095841116,-121308314205,c2470e7aa4,e3c17605a3,00000000022f703e4a,0
969,deterministic_random,-344947290214,216968767314,afaf8a0f9a,328458a752,fffffffffe68ffbe27,0
970,deterministic_random,519245679133,-500781094742,78e5744a1d,8b671ee8aa,fffffffffef68f95bc,0
971,deterministic_random,443677281517,277186615396,674d3a0ced,40899c1864,000000000199c3d98c,0
972,deterministic_random,72882989311,-46264308690,10f82a28ff,f53a6eac2e,fffffffffe6cb5239b,0
973,deterministic_random,189276817898,85045105743,2c11c709ea,13cd15544f,000000000239c140de,0
974,deterministic_random,39154821984,-489456931901,091dcf2b60,8e0a17ebc3,ffffffffffeb855a1c,0
975,deterministic_random,-1757325187,-128668113596,ff9741587d,e20ac86544,0000000000037f1419,0
976,deterministic_random,133330592145,372763055707,1f0b1f6191,56ca68d65b,00000000005b910a3b,0
977,deterministic_random,-54512245561,-452710928729,f34ed124c7,9698536ea7,00000000001ed36198,0
978,deterministic_random,1257174812,-356916784546,004aeef71c,ace61a125e,ffffffffffff19294b,0
979,deterministic_random,-452401612737,-371279279944,96aac3383f,a98e07c8b8,000000000137ef3abe,0
980,deterministic_random,333114192985,-72261439464,4d8f273459,ef2ce1f018,fffffffffb63e10e1f,0
981,deterministic_random,103885508321,99253310165,18300f0ee1,171bf552d5,00000000010bf2987a,0
982,deterministic_random,533816738289,85696456148,7c49f501f1,13f3e825d4,00000000063aaa13f6,0
983,deterministic_random,299020307827,547662705304,459effcd73,7f833db298,00000000008bc63bd2,0
984,deterministic_random,465392655723,403240497859,6c5b905d6b,5de301b2c3,000000000127752d6c,0
985,deterministic_random,414715407286,-259741614037,608ef6ebb6,c38631802b,fffffffffe6742354c,0
986,deterministic_random,340259577460,426564384162,4f390d1e74,635137f5a2,0000000000cc34672e,0
987,deterministic_random,99431877681,-330445925119,17269a0c31,b30fe35501,ffffffffffb2f8143a,0
988,deterministic_random,-171664928575,-546830877374,d807f910c1,80ae56fd42,0000000000505d839b,0
989,deterministic_random,-477437225696,-227336791764,90d6861520,cb11abd92c,000000000219a23cd6,0
990,deterministic_random,-93306021614,-493061528100,ea46871912,8d333e25dc,00000000003071e84e,0
991,deterministic_random,-528567144468,-388113100412,84eef16fec,a5a2a81184,00000000015ca4c9cd,0
992,deterministic_random,-144889379623,-162810330909,de43eb84d9,da17bf80e3,0000000000e3d248bf,0
993,deterministic_random,-542381640105,-397408277850,81b788f657,a3789eeaa6,00000000015d6356b0,0
994,deterministic_random,339625208166,233108570004,4f133d6966,36465a7f94,000000000174fa05ab,0
995,deterministic_random,26196447824,-240062140992,06196e1250,c81b2e6dc0,ffffffffffe4107999,0
996,deterministic_random,-105701822776,-497690063424,e763ae2ec8,8c1f5c4dc0,0000000000365eda47,0
997,deterministic_random,-319919937718,253353805878,b58349274a,3afd104836,fffffffffebcbd1563,0
998,deterministic_random,7567857280,183486758288,01c3145680,2ab8a9bd90,00000000000a8f0355,0
999,deterministic_random,170099206625,441747823924,279ab3e9e1,66da38dd34,0000000000629342cd,0
1000,deterministic_random,-532687035909,-52260605509,83f960e1fb,f3d50671bb,000000000a3161c814,0
1001,deterministic_random,-404688781995,-114421301277,a1c6ab3d55,e55bf57fe3,0000000003896dbe35,0
1002,deterministic_random,54850157155,-401502025026,0cc552fa63,a2849d4abe,ffffffffffdd06f82d,0
1003,deterministic_random,428627828757,233295140385,63cc35a015,3651795621,0000000001d657cb76,0
1004,deterministic_random,256480336699,-260919748664,3bb76b5b3b,c33ff897c8,ffffffffff045b0f7c,0
1005,deterministic_random,-305698479450,-495914310231,b8d2f362a6,8c893425a9,00000000009dce9fa3,0
1006,deterministic_random,-7500388778,92872905919,fe40f12656,159fa814bf,ffffffffffeb5354ef,0
1007,deterministic_random,-389539716219,-198174626067,a54d9fa385,d1dbdf2eed,0000000001f7341935,0
1008,deterministic_random,376718600411,-527163947479,57b62da8db,8542948629,ffffffffff490f12eb,0
1009,deterministic_random,200222007377,49736567185,2e9e296051,0b9487c991,00000000040690fe23,0
1010,deterministic_random,413302433897,-62480546655,603abea869,f173de84a1,fffffffff962960de9,0
1011,deterministic_random,479300702763,-224807930778,6f988c522b,cba8673466,fffffffffdde3246b1,0
1012,deterministic_random,-535351980135,-122543570629,835a890f99,e377d5813b,00000000045e60ebe8,0
1013,deterministic_random,-335140230005,433123597501,b1f815ec8b,64d82d9cbd,ffffffffff39e9e0fb,0
1014,deterministic_random,306975025988,-454590716008,4779232b44,9628482798,ffffffffff5320fe38,0
1015,deterministic_random,495339073288,423957100135,7354826f08,62b5cff667,00000000012b1a585f,0
1016,deterministic_random,-543842816311,491535660740,8160712ec9,7271cef6c4,fffffffffee4c1ef4f,0
1017,deterministic_random,449994573777,31979942972,68c5c447d1,077227343c,000000000e1236e283,0
1018,deterministic_random,-364384167635,369054536004,ab2902d92d,55ed5d5144,ffffffffff033d5ae8,0
1019,deterministic_random,-74210873831,-448399164508,eeb8afee19,979953bba4,00000000002a5e53a2,0
1020,deterministic_random,-457164358158,350415833876,958ee17df2,5196694b14,fffffffffeb203841d,0
1021,deterministic_random,60228200944,169631102505,0e05e169f0,277ecd3629,00000000005ae4d199,0
1022,deterministic_random,-71973958772,-461728538029,ef3e048b8c,947ed5a253,000000000027e7b60c,0
1023,deterministic_random,168362810637,-96673723590,2733349d0d,e97dcc0b3a,fffffffffe42295032,0
1024,deterministic_random,393352963630,-398832452121,5b95a9e62e,a323bbbde7,ffffffffff03846334,0
1025,deterministic_random,360199682772,0,53dd92fad4,0000000000,000000000000000000,1
1026,deterministic_random,542387727999,409926679517,7e48d3ee7f,5f7188bbdd,000000000152b8e0c3,0
1027,deterministic_random,-115536322666,-39198161987,e5197f9f96,f6df9b83bd,0000000002f28eecf8,0
1028,deterministic_random,291699233044,-484953523582,43eaa11114,8f16847a82,ffffffffff66042359,0
1029,deterministic_random,-343795218544,39229335608,aff4354790,0922402838,fffffffff73c7c55f3,0
1030,deterministic_random,-108845298143,478183577377,e6a8508e21,6f55f65721,ffffffffffc5ba89ab,0
1031,deterministic_random,-504627836676,-469149185462,8a81d648fc,92c4878a4a,0000000001135c0ded,0
1032,deterministic_random,105674613476,-477387791681,189ab2a2e4,90d97862bf,ffffffffffc754f1a4,0
1033,deterministic_random,-81691442711,413378049715,ecfacf81e9,603f4076b3,ffffffffffcd68d3dd,0
1034,deterministic_random,-476008843681,-87764085046,912ba9765f,eb90da56ca,00000000056c79ad03,0
1035,deterministic_random,-527556279780,64078598099,852b32021c,0eeb61cfd3,fffffffff7c45cfe96,0
1036,deterministic_random,547355131876,-123699813619,7f70e87fe4,e332eaa30d,fffffffffb933bf6f4,0
1037,deterministic_random,463606982992,-197325876902,6bf1212950,d20e76115a,fffffffffda68a8b3f,0
1038,deterministic_random,-172997775190,-97591300,d7b88770aa,fffa2edffc,00000006ecad1bae22,0
1039,deterministic_random,264722679190,92586162972,3da2b38596,158e90bb1c,0000000002dbf4c257,0
1040,deterministic_random,-434697173245,-321864557111,9aca078703,b50f609dc9,000000000159be4137,0
1041,deterministic_random,357008843904,-255778708787,531f62a480,c47266a2cd,fffffffffe9aaeaa29,0
1042,deterministic_random,-340029955600,158816663932,b0d4a2a1f0,24fa35f97c,fffffffffddbe5fd1e,0
1043,deterministic_random,224501187965,369384058773,344550457d,5601016f95,00000000009b96ed92,0
1044,deterministic_random,-380113905820,-530175756292,a77f721764,848f0ff7fc,0000000000b78a942a,0
1045,deterministic_random,-469399503108,365881892917,92b59bfefc,553042a035,fffffffffeb792245a,0
1046,deterministic_random,548085992929,-199159279723,7f9c788de1,d1a12e8f95,fffffffffd3f7d0a9f,0
1047,deterministic_random,-60343664207,30532377505,f1f33cc1b1,071bdf1ba1,fffffffffe060bc7b6,0
1048,deterministic_random,280629287593,445868820483,4156cf1aa9,67cfda4803,0000000000a1204721,0
1049,deterministic_random,154485037306,468625272768,23f80698fa,6d1c3e2fc0,00000000005464527f,0
1050,deterministic_random,380596061814,426465770047,589d4b0676,634b573a3f,0000000000e4771805,0
1051,deterministic_random,-246727019264,-290406232981,c68dec7500,bc62708c6b,0000000000d97ee874,0
1052,deterministic_random,-364435262301,-515812202560,ab25f734a3,87e73267c0,0000000000b4def48e,0
1053,deterministic_random,156600388771,-18460214882,24761c4ca3,fbb3af799e,fffffffff78451a444,0
1054,deterministic_random,-468132810924,-301928749839,93011c2f54,b9b3a4e4f1,00000000018cebe4ac,0
1055,deterministic_random,-5126574869,-189828501340,fece6eaceb,d3cd56f0a4,000000000006e9e35c,0
1056,deterministic_random,204527737930,-451009472607,2f9ecd9c4a,96fdbd97a1,ffffffffff8be828b2,0
1057,deterministic_random,443803771101,429629119997,6754c420dd,6407e41dfd,0000000001087236b0,0
1058,deterministic_random,-249891423263,-130280890295,c5d14f7be1,e1aaa76049,0000000001eb086ca1,0
1059,deterministic_random,-200556194621,-262881968630,d14deb54c3,c2cb037e0a,0000000000c34e4c0f,0
1060,deterministic_random,-70807134458,230312949087,ef8390df06,359fb8b55f,ffffffffffb14bb102,0
1061,deterministic_random,-410036853302,-261966504052,a087e625ca,c301945f8c,000000000190b2ab2d,0
1062,deterministic_random,511370844582,109064366568,771013d9a6,1964be29e8,0000000004b04f17e3,0
1063,deterministic_random,-494003758439,-161038758639,8cfb14da99,da81578d11,0000000003114ebf53,0
1064,deterministic_random,-182003695105,490740613977,d59fbc01ff,72426b8359,ffffffffffa10e4cca,0
1065,deterministic_random,-32839067175,-269470860988,f85aa399d9,c14248f944,00000000001f328b79,0
1066,deterministic_random,-444881345216,-246863824290,986b016540,c685c4fa5e,0000000001cd588fdf,0
1067,deterministic_random,-339872481252,500863849283,b0de05801c,749dcfd343,ffffffffff52491106,0
1068,deterministic_random,329406345984,137922826217,4cb225f300,201cd74fe9,0000000002636a20d3,0
1069,deterministic_random,453601365686,487433301373,699cbf8eb6,717d49ed7d,0000000000ee3b414f,0
1070,deterministic_random,-321484072526,146060638376,b5260e59b2,2201e478a8,fffffffffdcc893259,0
1071,deterministic_random,-302488592316,-36512051079,b992466044,f77fb65079,000000000848dd140f,0
1072,deterministic_random,226213901640,-159060334539,34ab663548,daf743e835,fffffffffe93eb675d,0
1073,deterministic_random,-121347314389,-504603825996,e3bf22ed2b,8a8344a8b4,00000000003d901f19,0
1074,deterministic_random,-111422553371,126534517243,e60eb2c2e5,1d760b81fb,ffffffffff1e92efcf,0
1075,deterministic_random,-391751374885,540219744741,a4c9cc67db,7dc79b21e5,ffffffffff465b3b5c,0
1076,deterministic_random,375159744574,76380272731,575943683e,11c89e785b,0000000004e96789da,0
1077,deterministic_random,-489233581332,-26952360466,8e1767faec,f9b9839dee,000000001226dbb1f9,0
1078,deterministic_random,359893662776,-496889844401,53cb557c38,8c4f0ead4f,ffffffffff4694c1be,0
1079,deterministic_random,-472553728095,159250679927,91f99a57a1,2514148877,fffffffffd085b3f42,0
1080,deterministic_random,459756663434,16843381623,6b0ba1f28a,03ebf19b77,000000001b4bc58fb2,0
1081,deterministic_random,110407572345,332575909541,19b4cddb79,4d6f11a6a5,000000000054fc72d3,0
1082,deterministic_random,431599240997,-115726748644,647d51c725,e50e25f41c,fffffffffc454190b3,0
1083,deterministic_random,223417896229,-141351705376,3404be8d25,df16c824e0,fffffffffe6b5f0217,0
1084,deterministic_random,-527711216739,354132170039,8521f5db9d,5273ec1537,fffffffffe82855074,0
1085,deterministic_random,-546000452728,322620139772,80dfd64388,4b1da8a8fc,fffffffffe4ebf40fb,0
1086,deterministic_random,-154188427382,13686149500,dc19a74f8a,032fc2117c,fffffffff4bbe6251a,0
1087,deterministic_random,-455801550761,444589506644,95e01c4857,6783998054,fffffffffef98b419a,0
1088,deterministic_random,530285470330,412704539451,7b777a227a,60171b833b,000000000148ef6e0f,0
1089,deterministic_random,501382958071,-423184403664,74bcc0cbf7,9d783e7330,fffffffffed0b1dd51,0
1090,deterministic_random,-394839517375,-38703430173,a411bb1741,f6fd1885e3,000000000a33a07796,0
1091,deterministic_random,323367224962,496801759955,4b4a304682,73abb142d3,0000000000a6a13ec1,0
1092,deterministic_random,-247068816000,-132694482019,c6798d0d80,e11acae39d,0000000001dca7ed94,0
1093,deterministic_random,-347340998149,118232964866,af20dcf9fb,1b873bdf02,fffffffffd0fee72e9,0
1094,deterministic_random,70602221924,-40610738696,1070386964,f68b694df8,fffffffffe42f0eef7,0
1095,deterministic_random,-348847441760,135207355722,aec71278a0,1f7afc854a,fffffffffd6b7f1420,0
1096,deterministic_random,-419540736715,440680494012,9e516c6535,669a9ab3bc,ffffffffff0c47cf01,0
1097,deterministic_random,295937588935,520509556889,44e7413ec7,7930c98899,0000000000918cbac4,0
1098,deterministic_random,-497637425508,435611676283,8c227f7e9c,656c7aae7b,fffffffffedb8c7aa0,0
1099,deterministic_random,258313028986,-5520948149,3c24a8057a,feb6ed044b,ffffffffd136529b43,0
1100,deterministic_random,145856430078,-463774829925,21f5b87ffe,9404ddb29b,ffffffffffaf7d08d8,0
1101,deterministic_random,-217052062532,-418526104300,cd76b05cbc,9e8de67514,000000000084c3a998,0
1102,deterministic_random,-420405836465,-24351840370,9e1ddc054f,fa5484678e,00000000114389d5f4,0
1103,deterministic_random,452254375507,175113992863,694c761e53,28c59b7a9f,0000000002952722ed,0
1104,deterministic_random,439238613483,-411846016158,6644a959eb,a01c108362,fffffffffeeef91615,0
1105,deterministic_random,365209473153,-528742103807,55082e5081,84e483c501,ffffffffff4f2d6136,0
1106,deterministic_random,-281622136101,285567905169,be6e033adb,427d2c6d91,ffffffffff03898756,0
1107,deterministic_random,-24415460351,114311638269,fa50b9a401,1a9d812cfd,ffffffffffc9525fa2,0
1108,deterministic_random,-411210668174,326106108547,a041ef2772,4bed705283,fffffffffebd30f094,0
1109,deterministic_random,139641979774,327028908838,20834f837e,4c24712326,00000000006d4fffd8,0
1110,deterministic_random,280475584869,-75556928497,414da5c965,ee6874c40f,fffffffffc49b332b3,0
1111,deterministic_random,349336464343,-285831930290,5156136bd7,bd7316de4e,fffffffffec71f944f,0
1112,deterministic_random,-390692263376,-343131840661,a508ed2a30,b01bbf9f6b,0000000001237bbd05,0
1113,deterministic_random,-377524891463,-483355733878,a819c350b9,8f75c0d08a,0000000000c7f2e0ee,0
1114,deterministic_random,318851171599,-492609146508,4a3d02c50f,8d4e34f174,ffffffffff5a4c81b8,0
1115,deterministic_random,-381885507331,96209571333,a715d998fd,1666898e05,fffffffffc07db5f4a,0
1116,deterministic_random,-63258374948,429973791955,f14581ccdc,641c6f64d3,ffffffffffda563f60,0
1117,deterministic_random,-222076894345,42870470253,cc4b2f8377,09fb47766d,fffffffffad1df81bf,0
1118,deterministic_random,284018845625,-189672883647,4220d7a7b9,d3d69d7a41,fffffffffe80a9789f,0
1119,deterministic_random,-120768159609,47719047887,e3e1a82087,0b1c46e2cf,fffffffffd781c66de,0
1120,deterministic_random,149519192731,-525644066391,22d009d29b,859d2c11a9,ffffffffffb72e5145,0
1121,deterministic_random,157793806961,176725097749,24bd3e6a71,2925a2fd15,0000000000e4939951,0
1122,deterministic_random,21709077046,345753837178,050df63a36,508088de7a,00000000001012da44,0
1123,deterministic_random,271011431746,-46878761448,3f198a4542,f515cede18,fffffffffa3808f549,0
1124,deterministic_random,450676923321,-335773467606,68ee701bb9,b1d2577c2a,fffffffffea8653bfe,0
1125,deterministic_random,111041115248,-400237100249,19da90f470,a2d0028327,ffffffffffb8f9cd1b,0
1126,deterministic_random,217440809396,-262023718035,32a07b71b4,c2fe2b5b6d,ffffffffff2b8ed7f6,0
1127,deterministic_random,-208382271274,-202701036474,cf7b72e0d6,d0ce13a446,0000000001072cd207,0
1128,deterministic_random,527580055184,309759728384,7ad638c690,481f1e5b00,0000000001b4045749,0
1129,deterministic_random,127319970493,163963696024,1da4dc92bd,262cff7398,0000000000c6c9914c,0
1130,deterministic_random,-152466981810,-233455445570,dc80427c4e,c9a4f899be,0000000000a730c8ba,0
1131,deterministic_random,138980116078,327249691165,205bdc466e,4c319a021d,00000000006cb892aa,0
1132,deterministic_random,-531280778432,-261109115386,844d32ab40,c334af1606,000000000208e29dd8,0
1133,deterministic_random,-281899867210,410501016367,be5d7563b6,5f93c46b2f,ffffffffff50330554,0
1134,deterministic_random,-546610155722,-321562672469,80bb7eef36,b5215f02ab,0000000001b329befb,0
1135,deterministic_random,-83572427097,118197409607,ec8ab1f6a7,1b851d5747,ffffffffff4afe3ec7,0
1136,deterministic_random,-135282658140,-397362712987,e0808674a4,a37b562e65,00000000005727d13f,0
1137,deterministic_random,93423324164,257988783753,15c076cc04,3c11546e89,00000000005cb40126,0
1138,deterministic_random,456342919394,99588632521,6a402858e2,172ff1efc9,000000000495103feb,0
1139,deterministic_random,-300046668350,-245242562886,ba23d32dc2,c6e66776ba,00000000013935435a,0
1140,deterministic_random,42139714404,533652936947,09cfb90364,7c403198f3,0000000000143706e5,0
1141,deterministic_random,364239615157,-230666887253,54ce5f74b5,ca4b2e9fab,fffffffffe6bc1f08c,0
1142,deterministic_random,-472996175132,-100284792451,91df3b22e4,e8a68f817d,0000000004b76e790b,0
1143,deterministic_random,-401789870623,91613998007,a273751de1,15549eabb7,fffffffffb9d43f033,0
1144,deterministic_random,-309491325073,505431026292,b7f0e1276f,75ae096a74,ffffffffff633e3e9b,0
1145,deterministic_random,469867470509,-227746449239,6d66489ead,caf940f8a9,fffffffffdefd797de,0
1146,deterministic_random,-296815058527,90911941217,bae471a1a1,152ac62261,fffffffffcbc31eb8e,0
1147,deterministic_random,-297755751131,34923316327,baac5fcd25,0821978467,fffffffff77958e59f,0
1148,deterministic_random,33087186583,360797172748,07b4266697,54012ff40c,0000000000177a07b3,0
1149,deterministic_random,-539143298196,-432392430792,82788e236c,9b53671b38,00000000013f33cddd,0
1150,deterministic_random,-523732824762,39869493219,860f174d46,0948682fe3,fffffffff2dd2354e6,0
1151,deterministic_random,45408089566,-137992632285,0a928875de,dfdeff8823,ffffffffffabc29cdb,0
1152,deterministic_random,-481430923772,0,8fe87b1604,0000000000,000000000000000000,1
1153,deterministic_random,-57680422687,-471258587804,f291fa98e1,9246cc9d64,00000000001f556144,0
1154,deterministic_random,-376882202535,-20529861754,a84011f859,fb38532b86,00000000125b95eda6,0
1155,deterministic_random,-111780824243,493182965408,e5f957fb4d,72d3fed6a0,ffffffffffc5fa2534,0
1156,deterministic_random,73459168975,2923979191,111a81f6cf,00ae4861b7,00000000191f7dd1b3,0
1157,deterministic_random,195156473935,-527798614244,2d703b784f,851cc0471c,ffffffffffa157b30c,0
1158,deterministic_random,-61675495324,-297530640131,f1a3daa064,bab9cab8fd,0000000000351109e8,0
1159,deterministic_random,489330254236,283787862185,71ee5b219c,42131320a9,0000000001b96a88b3,0
